relative_path,class_name,label,sha256
Bedroom/image_0001.jpg,Bedroom,0,4b5d02183e18fce4de009983e656b087ff0b62c2a4cef4622dec67ecd3bafdf5
Bedroom/image_0002.jpg,Bedroom,0,940892a07a60185bfaf011bb3d59c01710b450827a4dcf1a50ef0fcb6c7cca24
Bedroom/image_0003.jpg,Bedroom,0,aaf4fbadd57148bcd1b09d53088cf771c72af82da9382afabcfbbf626bda3d7e
Bedroom/image_0005.jpg,Bedroom,0,af384368b4ce2c8e25b16fbe3439373924edb572f0b239de9afa5c8b03b908bf
Bedroom/image_0006.jpg,Bedroom,0,c617564a41728168ad3a34c78f3c4dc45e65408a53460d9ff34de89953675fbc
Bedroom/image_0008.jpg,Bedroom,0,673054db8663b7ae2002215398a874976a55f753e613538d762c1c5921dc8f71
Bedroom/image_0009.jpg,Bedroom,0,12dd4fdff9fbfe5b750bfde9b29981d3845c31b8b80da8f9b905dd71a26064ad
Bedroom/image_0010.jpg,Bedroom,0,8bd89d2897d67dd5566842df18bfce254fa8fc27cb67c2653667b78bbb5b5ae8
Bedroom/image_0011.jpg,Bedroom,0,20fc5da0b33240665a7486a44f7d55f78bb6cc1f6379a889fc6cfaff06fb2ddd
Bedroom/image_0012.jpg,Bedroom,0,04677f6e50c1cbbfb20ced132e001fe01335bf337c6ab722573e2f5b616f6113
Bedroom/image_0013.jpg,Bedroom,0,c74e14d739e16ff17905d083e83d0a903c9a886fdfe91943df216e4e9fdf2191
Bedroom/image_0014.jpg,Bedroom,0,ed3d41ce2a6a92a0b3b60152ccaaf8c7c986724a471cbbb67543a203d07c091b
Bedroom/image_0016.jpg,Bedroom,0,f1e637c95655d6e05bf2656cdfdfa840eaec8c37fba19ba46c1093500cd26fea
Bedroom/image_0017.jpg,Bedroom,0,1fe5fba814e78381962862e5bca390eccd9906aecd0b9a8df2e281ae4ea018c3
Bedroom/image_0018.jpg,Bedroom,0,1b857f2b550c0adc2254e6bab5bdc7c0b58b623e8d4aa408b9cec4a65ec532b5
Bedroom/image_0019.jpg,Bedroom,0,7b96a1c7261eac64aea5a3ea0d633d4d935b035259aad786301e72a69dfe58cf
Bedroom/image_0023.jpg,Bedroom,0,67954e6d388749f7cd1aa48d2f2325d696118329d063a821a5f8127c585af9d0
Bedroom/image_0025.jpg,Bedroom,0,099703ca7c0159c22ecf1488a9d8f107498941bbf9299559ab09a86579880055
Bedroom/image_0026.jpg,Bedroom,0,50ccd1d903e56b488cff83f9d2efedfa0e02a3b1a6a461a69ea4183128d641c9
Bedroom/image_0027.jpg,Bedroom,0,e91ca54ceb92e474a50b1560e0a515354dca21a7267c3fa9b58674c1fe30673d
Bedroom/image_0029.jpg,Bedroom,0,c1c69b8bb9e1a40078252bacd4cf8215a00baa3291750a9f56544c49be4d3fce
Bedroom/image_0031.jpg,Bedroom,0,cca6e532a71359ead2a14a495b57d6f55429f34d9c9fde9542bdd5e96cef4f2b
Bedroom/image_0032.jpg,Bedroom,0,c0a9e77cc4d97b9707d18c346100cb02f95fb2479fd91d62cbd30bcdd875a3b7
Bedroom/image_0034.jpg,Bedroom,0,bceb4713cdb5afa1518740f7de3f332e895de3a3a7faa74ed11e5d35fb1278f1
Bedroom/image_0035.jpg,Bedroom,0,84eab031fc5359e24fd5670c2bc3dbb3a45d76910b72914b2977b4c58832db56
Bedroom/image_0036.jpg,Bedroom,0,7d0d7563fbec2365b05c994d775dc6d2f4e329b9c4a7c1311835ef819ea8b82a
Bedroom/image_0037.jpg,Bedroom,0,3cc7daef3eba5d81393951037fd64fd4743f53433ee3877e02da84f68bfe3bc9
Bedroom/image_0038.jpg,Bedroom,0,db3b9e4ba035c0d2e93a4623e84ed4da978e02384831260c54f53341f968f959
Bedroom/image_0039.jpg,Bedroom,0,f0e254f207157c5b0769f7a874d795f51077b3718ffa4b114c9df7cfd1860251
Bedroom/image_0040.jpg,Bedroom,0,dc52f046ec5f45b1e985f0af114cac60a3d05acf036a70e759796632d5684943
Bedroom/image_0041.jpg,Bedroom,0,1099a56cb2c1a837bdba7eee95b22266121f55239ffca53deb39d3ca1addf3ce
Bedroom/image_0042.jpg,Bedroom,0,718c43b115a4c27d5e17b387f49e26a1ea12188bd6601aab51625cd5a77b77df
Bedroom/image_0043.jpg,Bedroom,0,0e6adc399c4278320f887f997af8068d13f89039faf453a95c8028e0b4abbd0d
Bedroom/image_0044.jpg,Bedroom,0,d0f933489531a078febaaa0a97b9f7b38eea77444e9df5b69e1d3e822ab5a520
Bedroom/image_0045.jpg,Bedroom,0,7dba9d81b733ed4a68084b568019a00cdc76506978f1bafaac4e04163c2ba25d
Bedroom/image_0046.jpg,Bedroom,0,4c5a285d2c216c94fd7fbcdeccd123faf119167d1616ac444e88a77f0cb2101c
Bedroom/image_0047.jpg,Bedroom,0,d7e8e7a7c74d3558dc8e50c59c70a0c1831abdfb728d9af2c819e100acbbebc3
Bedroom/image_0049.jpg,Bedroom,0,3b26478d8b8c565b0c4641eefb6ff89522901f5ab57b75e32528c5be5b9e03cc
Bedroom/image_0050.jpg,Bedroom,0,5b124de7513847d44396d200faf469e64f6d2eac25856bd8d43a35ad3a18fb83
Bedroom/image_0052.jpg,Bedroom,0,b2610e5a114eb03a587cce74d45ecff77d163106c98680778b2cda82879f9a23
Bedroom/image_0053.jpg,Bedroom,0,23d80544052d730af3d75b24e07ea0b8ae4b5e0afe19ef4490f439098184a27a
Bedroom/image_0056.jpg,Bedroom,0,01c996dc11e8c0ae64963947aed9a984ece1d18402b3a11b5eaec35436fbc8f6
Bedroom/image_0057.jpg,Bedroom,0,98ab37bd90415f0017c46f42395733961287f03ae96a2d48fb8b9cef8b9185fb
Bedroom/image_0058.jpg,Bedroom,0,d50d0cf70130827af92e076c8944dcac2c77d02b46a263259843ab719f3cb37a
Bedroom/image_0059.jpg,Bedroom,0,28e34dfb59ae209cb9d96849265298a72a93019a93d33fa295d03b5cb06e7cbb
Bedroom/image_0061.jpg,Bedroom,0,8ec9f234e7cc295af114e1c55a1f56b6b00e6d9d4ee9fc1797b50dcceb5fbc16
Bedroom/image_0062.jpg,Bedroom,0,d5fcd579a09a53f63214b91195e2c0150380470e80fb6d0768be6ed870534dc2
Bedroom/image_0063.jpg,Bedroom,0,d113c7be4bda7cef41408c59d1ce1820ae78a436651dbdd33ce6b05404c9e6e1
Bedroom/image_0064.jpg,Bedroom,0,e25bf7473cba2da6270312bf8088f48e16b1828946e45fdcca1e772900cb7768
Bedroom/image_0065.jpg,Bedroom,0,440773952cdafaac9fc66aa094f02d8ad53f473e3587a739da1045a0a88b52a3
Bedroom/image_0066.jpg,Bedroom,0,4913d324085378d3feb3fe4dd4d17efb7e070a24744ac2074f3c72abe203a9f8
Bedroom/image_0067.jpg,Bedroom,0,11c04ed42799cb6f94241b7c5170b3f83de23bc9fd83bb98465e218eaa369f21
Bedroom/image_0068.jpg,Bedroom,0,4efc24563dc4ec513c27faa6fad30c8da0b3c729568cb158a850e78a2a889c52
Bedroom/image_0070.jpg,Bedroom,0,bb510aa83d016ad414985bc9bfecbdca34402e87030887c19b3d289c9fb732a3
Bedroom/image_0071.jpg,Bedroom,0,a523226e8cbddada232f1cda479b7d0a15af24e7d54ff227efb8b3228cfe973b
Bedroom/image_0072.jpg,Bedroom,0,834fdbee58f514264ccaa4572abc92d00d29f3d829a0c166abc1ced15e16d000
Bedroom/image_0073.jpg,Bedroom,0,804eec65523a76093b21427cd57e4b02559e7da49fba3188292e97cbd8d93286
Bedroom/image_0074.jpg,Bedroom,0,73c4daf8c08618da33434d96f262d616eff12a0268f85288ce03760c3e901b57
Bedroom/image_0075.jpg,Bedroom,0,f1cdbaa8c6df62944fc15b7f3cbe5aaf34b5aa6c8cb2b1fd6c9544b34963ab72
Bedroom/image_0076.jpg,Bedroom,0,44db39f0c5cfb9e487f777db51eea75c3caf58316317ec9faf0c7845a80341e7
Bedroom/image_0077.jpg,Bedroom,0,a9e2eabba05e0d961b493c275fa63e309e29afc8bb1daecde14253638d6787d0
Bedroom/image_0078.jpg,Bedroom,0,814ebe893fa1b7d5345f343ed78a4ed6e875726b3deb5adf3ce730f90a91c6d2
Bedroom/image_0079.jpg,Bedroom,0,083b09b97b62981f2bbca7067fbee21cb5461f96097e1449f6ac9bd939e9222a
Bedroom/image_0080.jpg,Bedroom,0,aaeff34f7f7c442fa97c2a03f9cf144bdb9989fcca59f688bafc17cf23efd0c5
Bedroom/image_0081.jpg,Bedroom,0,371ee9fd8ba57c9ab74d3081b0d71847cf5ddf3c9dfa15e0809cbecb5e1f76ec
Bedroom/image_0082.jpg,Bedroom,0,537a91fda9160e4329ca0a792808929cddad57539a2bdddc6c9d11e23a44652d
Bedroom/image_0083.jpg,Bedroom,0,8479e939d1b7d887f947580090bb4674eb0ee12785a7d427dbf9c06c7ca2be6d
Bedroom/image_0084.jpg,Bedroom,0,32d68efb2be49d7f47f1b4cda9522708b327d91919e93dde19fe413da9bc50fe
Bedroom/image_0085.jpg,Bedroom,0,9877d9d7acfe0e36a1e488fc06d0b1cc0458986c444a9708c2c0e8994cd5d36a
Bedroom/image_0089.jpg,Bedroom,0,c11ac1fac2cc423ebf56ae7791b08ee883bfcaaaa44121511885be2b1c377dc1
Bedroom/image_0091.jpg,Bedroom,0,28cf5a3a77939ae1c379d7f9c5fadf0ba4392862b232ff318896f8f61a3a27e6
Bedroom/image_0099.jpg,Bedroom,0,fe9eda4ca632ac8746a4a3ac034a9f7579315df8412c1396432813b77441c86b
Bedroom/image_0100.jpg,Bedroom,0,583a57ef40811cefb12d3e2e9ab66bdafbfaefb691e4b0a29a1efc16c74b59ad
Bedroom/image_0101.jpg,Bedroom,0,c9906d3fc46ac3412fe24c8702decca6b0c01b8957e319efacb211e63929e203
Bedroom/image_0102.jpg,Bedroom,0,fb75dee51e5efd2971f97c8b5ca74d184d4d18030f6785b0abb37f81a64d07df
Bedroom/image_0105.jpg,Bedroom,0,9e1dd6bb8e7806c8034541cc06f35594542bc85857327ac16c37782a5c7ed43a
Bedroom/image_0106.jpg,Bedroom,0,02d9c8545ba4aa6f063421ff57efeb566e4dafa3f8519e5849ce545d30a202db
Bedroom/image_0107.jpg,Bedroom,0,8ac391aac72fa14b9ab02e3a401cda96b4bd634995f342673da4a971f3277c41
Bedroom/image_0109.jpg,Bedroom,0,0a198ec83e28c467e3c369970c1e9f79c3136bf94cd4d7fd22798c55b4405b46
Bedroom/image_0110.jpg,Bedroom,0,64170bf62bee616370606466252c5cfba9b39c3d7bbacae0941aff19ff44343c
Bedroom/image_0111.jpg,Bedroom,0,2c0cf35217d2d17d050da49be3523b6461db9c44968de9e449029e1ac25c05c6
Bedroom/image_0123.jpg,Bedroom,0,f3062f8a28d381d760dc112690abb37b365e9189a608a27d69dab7e52189c756
Bedroom/image_0125.jpg,Bedroom,0,538e829098129a918d4731f86fc7183fcf9708e08a54e079bcc562e3f3c49df7
Bedroom/image_0127.jpg,Bedroom,0,38636254d78585b7b29404c318f8d47c0ac35f7e376ad1193ff72aac470021be
Bedroom/image_0129.jpg,Bedroom,0,43fca43cf93527a113f7237900250aa3c20b8d309a79aebeaae584aff18d4ed0
Bedroom/image_0132.jpg,Bedroom,0,429c34c99ef88c3bea0aed98cee9f0d86a78474297dea57f8d2df6f66e387f1d
Bedroom/image_0133.jpg,Bedroom,0,d2052824e65deb4b3ca9553871480729fc53a85dbc642fe49cdd89c9b97b4ded
Bedroom/image_0136.jpg,Bedroom,0,b517c24a467520bb6cca591ed14d137afc4986ddd487d1fbbd3a064348e3cadd
Bedroom/image_0139.jpg,Bedroom,0,cf06838dcafcdf08a9840b8d26cfaa2a2b00dc4a17c4ca517730c7fcbf6f432b
Bedroom/image_0143.jpg,Bedroom,0,52f577584825f4daa0321274396fcd7a975af69558d4a18ae78f61f56c1eb17c
Bedroom/image_0146.jpg,Bedroom,0,9fd4cc9166cb9cd8131708c0842906be3defac6b25f7b35d3934aa51acbc495e
Bedroom/image_0151.jpg,Bedroom,0,d5bd3804c9c5a0dbb712fba79be10ad99430120b11b6b15910c8bd35e4937bc9
Bedroom/image_0154.jpg,Bedroom,0,8643e321c1b51ab50c5adda28b4440e35914310bdcc9d7e82ba36a0356a938c1
Bedroom/image_0155.jpg,Bedroom,0,f84093c392bbd0a053805506ab2cea9431d012938eb98a382270912b5b36e513
Bedroom/image_0159.jpg,Bedroom,0,0fa5e59480f98146799dd5b798f9f7205ae9b440e946d99dda3bfd7cdf1fac36
Bedroom/image_0165.jpg,Bedroom,0,dfa8966b0c7dd80674f97be5bb9fd82260b7aff2822be221a4b3f343b7a95284
Bedroom/image_0167.jpg,Bedroom,0,85020ccd4f2963c9c3b400afbf30bbd492a901544a210eb119241fbac9aff43d
Bedroom/image_0169.jpg,Bedroom,0,ae9dfeb4a09a5cea05a0733540f7bbc26b349af57b4cd4bc5645012b90d4b41f
Bedroom/image_0172.jpg,Bedroom,0,ee130832f629a01c874a750fc4fd2b6ef580802e38961812de8eb06fc0369f58
Bedroom/image_0173.jpg,Bedroom,0,edad76004f0edf1de8268e8ec8283ef3cd122ccc4b8f918b073d71c124fb053c
Bedroom/image_0174.jpg,Bedroom,0,9cce166316f56f05a9483f7777835513b7e362c95694a1683a3887af3118ee63
Bedroom/image_0177.jpg,Bedroom,0,3b74789d7111624652090bcab9ad7b1e11dcad85b58f5bdbd0c8590c3da46c7f
Bedroom/image_0178.jpg,Bedroom,0,a4343ef4e40df30d93cdb1bd26fb9d7cc715753777aab35a36a3a3d831db2a0a
Bedroom/image_0179.jpg,Bedroom,0,44cea722babb66682f0b2f6c14244387095dc05e289eb2ea607e9910fbdda2c2
Bedroom/image_0181.jpg,Bedroom,0,75224650fae356f4d44dc1424c40ff674ab21378629d4fa20d9aeab0685a757a
Bedroom/image_0183.jpg,Bedroom,0,93cfe90e424347e9ed9cecfafd37228a8f8e488a4950a1ea6a9311768ba8134e
Bedroom/image_0184.jpg,Bedroom,0,276f20b8c8aaf80082f74e8ffce893c1b74ac35c7c46c0651453a78146f796c6
Bedroom/image_0185.jpg,Bedroom,0,cabc1470fa0a9d6ba9bf239b4d75f7e1aa2cd357593a478b963fea6e561797ea
Bedroom/image_0186.jpg,Bedroom,0,4d33b511197602dee71cc2183c3eee8a78ee6b19fa22a07ec6816ca1c3748dcc
Bedroom/image_0188.jpg,Bedroom,0,aa5585b35d3ae189d4572fa61dd9c6d9187c57e42aa496534dbf98747816fafa
Bedroom/image_0193.jpg,Bedroom,0,6fa32feb7fb9022e61af978bc11413cc568cd2ec8090763746a0d967ef5e9235
Bedroom/image_0194.jpg,Bedroom,0,dc3c29e9965d33a8d03052d41172f6a8d4751f4c2ee64648dfb58ae285f7616d
Bedroom/image_0197.jpg,Bedroom,0,06452a90e70d4b839daf4c7f347f5e8263cc4e023fea9e5c92fbe15eb337bc11
Bedroom/image_0199.jpg,Bedroom,0,d047b00dec2e0eda5e3f643cb8671ee181917ed49a709a0ebb77dd8e79c0de78
Bedroom/image_0201.jpg,Bedroom,0,1a6b873be2a7999a1b9867044f70c2782fe1ac890c3474764422c202f44c41ad
Bedroom/image_0204.jpg,Bedroom,0,c001181e98a886abaced1aa0e355d0efa6d23c815f1aee9d52423c9e95aeac8f
Bedroom/image_0211.jpg,Bedroom,0,44f8579ff4580adb759f226de7c02542991d047a19c1a1feebfbf15697df93bc
Bedroom/image_0212.jpg,Bedroom,0,bd9930c2eac51a0050a66edcfde89df9719eceabb11058d59dcde16a805d5bce
Bedroom/image_0213.jpg,Bedroom,0,5ae2739d4fdea62d35b0a2fb8a76c70aea166d32a830cdc2f956ad78be01499c
Bedroom/image_0214.jpg,Bedroom,0,b9f1be6ea7b22ea4e4cebd1e814af0da17a6cb309c27bfaf00a2d2d257347d49
Coast/image_0001.jpg,Coast,1,0473a9484b248a54a2db00a2275eda87a4aca753c5cb2f41f1bd759289b80d22
Coast/image_0002.jpg,Coast,1,cb03746753d54679881b113d6d699c23342c50e64e55f78d3643fb34296a7f1f
Coast/image_0003.jpg,Coast,1,a6e2d5934c68320574619256c7696c368deb2e7e044d2af11f8ff09438978b54
Coast/image_0005.jpg,Coast,1,358748d6f3adc9acdee8def1be849eb38bb9531f9992c23a8ca6976ea319cd72
Coast/image_0006.jpg,Coast,1,473aae7f033faa5d45f1db49c45004cff61667ed4407f07ae2b550e13e26d352
Coast/image_0008.jpg,Coast,1,f5f542d256ac2172ebf36416b09e855def8806006cfd8daef719d57deba5d5d3
Coast/image_0010.jpg,Coast,1,41432c6e5c0af389b7461778c96680f7d472d228f8643242592daa81b0dfb28d
Coast/image_0011.jpg,Coast,1,f4850d414533b2ee44bdde4a8fc311e05bc8589036632711df997c8b269ee3ad
Coast/image_0013.jpg,Coast,1,de97a7ee64c2bc342e6fa46a5ab0720afbfcc479dc87fb0ccccbfe66a75ccf21
Coast/image_0015.jpg,Coast,1,232bbb9f5055947cdc6a304664bea98da27e2908e2c9616cdcad5d8a94e333b8
Coast/image_0016.jpg,Coast,1,e0bda3cc2344051e018537b64df38a703977bc882ad6ddbbd5fa1d99062196ee
Coast/image_0017.jpg,Coast,1,009b5e0c4254884e765eab3dcfe8e2fa61510c94c4ff95cb3a1af737a2d3c355
Coast/image_0018.jpg,Coast,1,4bac2e0ae807a64b3fabff4a983d79707ffe123cc664016f390fac9474b12ef6
Coast/image_0019.jpg,Coast,1,ca42e825d35cb81ac17f338401ff18eb2d7edcccaa50bb6c125207a2f95ac184
Coast/image_0020.jpg,Coast,1,d46e906d8762b967be6a3e54d730b81ade226a989259051259c70f9fb8000a6b
Coast/image_0021.jpg,Coast,1,3753a94017537184ae12880c2fee022101d4e1a1f9842061fdf772bff30c31d4
Coast/image_0022.jpg,Coast,1,3300ba8659b2af756dc4aa10ab592af9e992fb64ce0dcd613697bfd73bba018d
Coast/image_0023.jpg,Coast,1,dca9bc8acd4d97bbecc040f697af4c735ac435cc573f83bd02e995dea54c60d2
Coast/image_0025.jpg,Coast,1,8351e5edbce62fef75ac0fb4b58fa0382f854a9a09fe89c4bf768c8ddb4a74e5
Coast/image_0026.jpg,Coast,1,90c4663e268dbd615dc13bd571593874f8ffd75bb609acde3043ff0ef83dc076
Coast/image_0027.jpg,Coast,1,2cc2271772aa12270b72777503475d65169d4d328db361c149262f1a80ec16fb
Coast/image_0029.jpg,Coast,1,f5a633f5c50c7b1d957b97cc070e63a504348d2872a5a8d2df33a78416c180b8
Coast/image_0030.jpg,Coast,1,f4bc27003e8a997507b3b0c62f81d32e1020eff40a2bdcf0e5ae83595b714f94
Coast/image_0031.jpg,Coast,1,ee750e3f88022fde642f4b3d5a47e6b4b9ffcbf1f63560e4bea6797721d7d795
Coast/image_0032.jpg,Coast,1,e6d6496ab1c4f77bba1ef6a2a0ae6147014c108230221b03499723270d670fbf
Coast/image_0033.jpg,Coast,1,0759fa2397114994ab70c95504262df3b7503a887d404e5dc5343471fc72d5a8
Coast/image_0034.jpg,Coast,1,02747a02f63ea5b542b87fd182e482b10a84047014cf51077655d4a61bb825f3
Coast/image_0035.jpg,Coast,1,a62ae7c1a71f6d3e448fe4cda1ac7d2c5ce8a19200392cc28488a8ed7f7203a6
Coast/image_0036.jpg,Coast,1,89ba56ec6f5580b7e7ac720089ac394b504a57cdf75bc44d8be370be74055ece
Coast/image_0037.jpg,Coast,1,5e871db68f2ea24681a48cc22e6570b7ac0d031157002a844b09c8eab31340b3
Coast/image_0038.jpg,Coast,1,172b6226a3598568d40e6c279aef67c50aed43025aa2765dc2fb1e9b7b00d96c
Coast/image_0039.jpg,Coast,1,6e09dd0c0f61975140d7a2c867c986f8febb275fe82d9e1b6974445c793628ef
Coast/image_0040.jpg,Coast,1,a7ab86f870afe8185876f75f0e143fdbb0fedfa16505e38fd39bc3a4516aa477
Coast/image_0041.jpg,Coast,1,588f97cd52031c038ea9e00dcfe677c6ff5b45016dca6f61be49a5890f70e406
Coast/image_0042.jpg,Coast,1,82b40019f4eee8f7126b1066deae3d1c33d984f62536d724b20d2b0ca99363d5
Coast/image_0043.jpg,Coast,1,2928794d4c595c4bdafa24b6405dc3ba0c729e334971f25e355f567a37b02e1b
Coast/image_0044.jpg,Coast,1,ec7d1f1ce2a32719f3146cc5da51e41aaab304732364f921ed6f159511772560
Coast/image_0045.jpg,Coast,1,5416ef2025163678457b48468fb7d242a024f9b4eb6eb4c63a3245bfa34eeda7
Coast/image_0046.jpg,Coast,1,7695d3584c3e05a0859d952e5a9c07c7731a6be99f5de5592a001dd78e46ccd9
Coast/image_0047.jpg,Coast,1,5f1ce32b8b8b76f95252f8d05559ef2de6e2b423bca1e2b17c3a6dede0bc46a5
Coast/image_0048.jpg,Coast,1,48a45eb63922ff01ab478d71db8f50d0cebf8e3f53e48a4ed5f0366e62223502
Coast/image_0049.jpg,Coast,1,97df624217a9bb122e9b46b0098c99477b92e14730637fcc4032422d35803da3
Coast/image_0050.jpg,Coast,1,0297e0f6f15f13a35afabea4d54340f81594d9b611a58d9f9e71afb6f123345e
Coast/image_0051.jpg,Coast,1,907857efebde01526ec634d414cd9216b410fdd985ee90ac964a976bf3c6e2ec
Coast/image_0052.jpg,Coast,1,8d589bf1e88316ce23f23a50f3cc3bed05fbe82fd87f29547325bfe715a8b3fe
Coast/image_0053.jpg,Coast,1,505af0210ee0d2662acba78194732a9c0bb889765341af974d67d2fe07b5900b
Coast/image_0054.jpg,Coast,1,c3e1139ec5c66a88b4a5f9ee8d326018c2635346d9c67ba6a9a89b600cabce8f
Coast/image_0055.jpg,Coast,1,4545eecc247946e2b385b3bd63f7304f90cebb637c61c80647ed293d718d4bb0
Coast/image_0056.jpg,Coast,1,8fcff642b1165990a516120a2932cab747ff546de48b5950c6db1ef29b3710e8
Coast/image_0057.jpg,Coast,1,ddc5497a256a8bee71f9a5dd03b73c786abb4fb55436c7552968dd3361ad4c1d
Coast/image_0059.jpg,Coast,1,86a2e2dbd8164cb3fb552f4333c9ae372d741a7e83b604a2f4b8214fa39d5f4e
Coast/image_0061.jpg,Coast,1,a4be30009c38a5e3a2b3a9dfa160d554f429b171fcfc68e76c61a2b847d02463
Coast/image_0062.jpg,Coast,1,7e2c35bbbf2c77e20071aa8cc0f851c1560f04fd232b76e6368e4585ef0961ec
Coast/image_0066.jpg,Coast,1,38c909dea62dcd9399f102f0815b898ca55af5e35f5e5ab6c7a38ed0fdbfab73
Coast/image_0069.jpg,Coast,1,86a08a06529cdd3bab7151e3dad23ee960545ddb4ad689e5ca56865ab85bde35
Coast/image_0080.jpg,Coast,1,44acd074cf3c34e54619b811649502857ec202c054958f8b64ce81b6536b0b6f
Coast/image_0082.jpg,Coast,1,73550bf67bd607bf545bfa4c8230f23d577fd48ee8b78f7e6d35ade25d469642
Coast/image_0091.jpg,Coast,1,950d7d33eb1584049b47f563e7cc4e513d0c9982a3a016c28a2770aabf08e9a0
Coast/image_0098.jpg,Coast,1,557fd8f55841e11e2ae8a118bf120901544f9c804306266ea5851778b7fd5f4b
Coast/image_0100.jpg,Coast,1,6bdc6c3d3a974dd350601f338e86a51a063eac6e5fc459615827c30e9cf53a75
Coast/image_0102.jpg,Coast,1,3364b87c3095dd1f30c8afdc0e5e55f08d41d50b7a7519e1b79853cd7dd01f90
Coast/image_0108.jpg,Coast,1,ab1994ffe678fb38ed2497f9ba92ef80537525bb5df7d034081046de5174d29d
Coast/image_0109.jpg,Coast,1,7291e4e3a45c7ae604939e4763ec52741a51b428853c1765345fc7a6355f9496
Coast/image_0120.jpg,Coast,1,b01bb0b9077359ca95da5b81d0f57c30584ef10e4295e4134914747cd613c3c6
Coast/image_0123.jpg,Coast,1,88a61d96e56c66ac51cc5f17eca96e04630fd1f61c58c937d823eb501ef78f62
Coast/image_0125.jpg,Coast,1,3558c39cd0193c45a6d9bf01122439aa6386e477028079810e09e98e5ddb9d86
Coast/image_0127.jpg,Coast,1,828d9ce9bb31d83455b0ad2c76eafec484754926305aca9fc6ddb24e94f58e9e
Coast/image_0132.jpg,Coast,1,aed6d2dfe151f818c99ec53dbed6437190e9b748fb0d3e62e6beb7bdcff1082d
Coast/image_0146.jpg,Coast,1,954e9199c47201c128b71a8ed39b2d2663e92576b1e215eda0da7e3bc3ec3663
Coast/image_0147.jpg,Coast,1,a05b7e73f38bce60d30e041d5a9bf6994abbd66b0a6e04d6393830a1fcdbedf3
Coast/image_0148.jpg,Coast,1,98cbeb41841aec29ac6a655163757d87eed44f2c9dd1ed553bb8d7844a6cdcdb
Coast/image_0156.jpg,Coast,1,790eeb91b2dad1ea7c705ed81d0a36a0be4d7bf6eedc3eff6ad483740c39c9de
Coast/image_0159.jpg,Coast,1,521e2a86311f2f2776a0383a81a55ae567cb542ddb0b7b694bb8e64ba8bf85c0
Coast/image_0178.jpg,Coast,1,e7ded5fb408efb24765dbf6140ddf7028c1bf113bdce03c865979c28ec74539d
Coast/image_0185.jpg,Coast,1,f99a8637e8baa5ff117f8a29be7eb33c84d26ef15c09c7485ff51930708dd99c
Coast/image_0193.jpg,Coast,1,224c6ad87c2db91d250c6195e2ac5a1110f924441781e96dfae8890fe2b12960
Coast/image_0198.jpg,Coast,1,539d6552f785504c5e0ab26dee6688dd320405db83f8837211e3f04ac40e6ee3
Coast/image_0199.jpg,Coast,1,e9015184b65e5be850b648eeff1ec4701b0d0ff5a972782ac18e9f0786cfd948
Coast/image_0208.jpg,Coast,1,5ce78f8d5404e9ea6b7a4f0c8e307dc9088a07603d8ddb6f180eb351cdef1631
Coast/image_0209.jpg,Coast,1,f3ce128ed5c3711a20f11e7d06dfd4a6a4db3e48c38bd83978811c9a101842aa
Coast/image_0212.jpg,Coast,1,cf92c13e7cf295b874dd3da919309de0577a5ffd53848f303c45d0bb8310bd6e
Coast/image_0221.jpg,Coast,1,1c2892f7dfecc6cabd96dc07e3d4c394c1d1a80a3cf046535038e963e64e36ac
Coast/image_0228.jpg,Coast,1,89876af0dc633914f2fc5922639da547446265b9f51597315b774417bf5f2054
Coast/image_0235.jpg,Coast,1,8c3cc963aaa9f56a4e962b78bdb3e2ee71495fe12d2dc5011713da78acf2632f
Coast/image_0236.jpg,Coast,1,094b2769c0af07e3eace678e00c3b1f59466a41a2dd2548334efd23da8f115f9
Coast/image_0238.jpg,Coast,1,631ca4b18d5a4597433066df8ec2f1f0cdd0162ad39a210f88af985f6cee3725
Coast/image_0239.jpg,Coast,1,8e16e4c4316e3fb30cb0cc1562993b6bc00024374dc56bcca4a5915585301515
Coast/image_0242.jpg,Coast,1,3605589d8c9eea2965bd8ff7f37f1c460c321839488ef0e28e8f5ca4593765a7
Coast/image_0248.jpg,Coast,1,3329fc88142f57f924f83859d46a23f270149022cb70f72c12332a22331a1871
Coast/image_0249.jpg,Coast,1,c603445aa271a6457e5805f268c325681459bb8cae022a3c3a06a98134b52481
Coast/image_0250.jpg,Coast,1,117aa47c99f84703d56c30c36c64cd0ee74ef07c5601e6244cdcf0d84d021908
Coast/image_0251.jpg,Coast,1,3f8d33416af38bf132134622e9dce9eb0bbb7fe16bc2bc818f391ae29e64957c
Coast/image_0258.jpg,Coast,1,3c9af4a7dc7e1c2f87ded6cdc35a0411a8a2edddeb9d0ffde56c75be1872d340
Coast/image_0261.jpg,Coast,1,280e9000cddaaab372764c58403d378d44e7d666d3b68f065d088d40c14a5bef
Coast/image_0262.jpg,Coast,1,8b7104409352d8de182d043d8278c4f1ce340ae6ceaf8ae86e4a9e070a8bac0e
Coast/image_0267.jpg,Coast,1,16d2b7b9e7d68e84465b879a6177876acea04017086d10b4941da46f24838634
Coast/image_0269.jpg,Coast,1,6fc5b8d3c55ebd917ba69e8630973209553cb95afa7d9c6d28b7686bdf8e7af0
Coast/image_0271.jpg,Coast,1,f72800b1b5e667ac2baa8fb171d66d430f9db3625389c2ae7031be8548c0fd53
Coast/image_0273.jpg,Coast,1,3342fb70b3f2cf4091ab3cd0b99cfb7eedd085a50a098669758ccab00e1d44e8
Coast/image_0274.jpg,Coast,1,ee57fa1f693340618c4c26fd687049970ada82616f988fccccad9e45430ef173
Coast/image_0275.jpg,Coast,1,7ce2d168b52089e3a84868cfab8acd9aa92ea5477910d01651320788344bf146
Coast/image_0276.jpg,Coast,1,50aae68006b9064329637cd8745b3e786231302f9992c1af6f1f05e87d4413c5
Coast/image_0281.jpg,Coast,1,1820693b09288e7ca8195f40868cd18abdf06bb55bb5208e66c2b4d7245c1378
Coast/image_0283.jpg,Coast,1,600604857b45e605e178137e78a5382883e94bb64f49d996c618f647ccd4af42
Coast/image_0284.jpg,Coast,1,1e0e8e80da72691c4d9dfbb2044a53d0307399c5e4ac6c5680c1589566617007
Coast/image_0286.jpg,Coast,1,f3bc38a46233140b4c745af3b48cd37dec614d46d0339f46d0da55afe40b955e
Coast/image_0290.jpg,Coast,1,fd1ba9dcdbdbdea2db848d62fa0112135de21a4aa80a7e2f804ee8fd1ed3aa79
Coast/image_0294.jpg,Coast,1,f70b5686fee6cc5492992bef8c766f10a5fbbdca40fe515085bb8270a4f5fa84
Coast/image_0310.jpg,Coast,1,847dd2f6eecdff0e10a5d057a8fc8de06351b27d51c2a83723996f92bbcb6f4e
Coast/image_0311.jpg,Coast,1,1ba6a1b0347a1e4d58bcfd7fdda44e435c21210055fc93a5f29c2897bf638b75
Coast/image_0317.jpg,Coast,1,5a8cdacebb54a0641c6ed397ecef69529036c9436bea3184b3f3424a8044ac27
Coast/image_0320.jpg,Coast,1,3705963592e24c78fb6c30799a6dc2b5f1abaf806fe27c1e5d01743b0fa1c859
Coast/image_0333.jpg,Coast,1,75a54ba87a6800a9e3ce2af3a89df02041e6705f3c84091d562540fdbfc2e187
Coast/image_0334.jpg,Coast,1,fae97994811080ab18d674d40b8436b256c4c3a2c108b89e89f38f74dc004b58
Coast/image_0336.jpg,Coast,1,26e69dc4c01763d5e7318f4d8d2d896fb7e1996bb21e7ca8e9e85a9bbb1a85f4
Coast/image_0340.jpg,Coast,1,bbed6b95d212d4f7569cd42abd0f1a8c720e7f700d538c5c0dcef95639464cfd
Coast/image_0342.jpg,Coast,1,56056e84ce62fdae736164a7f37492e4e44c515248421f3d1ab2b0b494d7f033
Coast/image_0345.jpg,Coast,1,55e74909c5e6fb54de2907dd13886843b0cf54d5e3f9e7f771deebdb7d577007
Coast/image_0353.jpg,Coast,1,49b36c9a5a0d26dc2b26cd81c3a140c06e19f3901643ecf4765dc50af4c8b397
Coast/image_0358.jpg,Coast,1,0847e9e4686f0ff7fba3880727706198a0500c79e180a8c32a049e1fc3121bc9
Flower/image_0051.jpg,Flower,2,d535c721f2af3d2b92e868afb82ee6b4f82521b84dd7f36ad9e66e6b489a42c5
Flower/image_0052.jpg,Flower,2,8ca9c06c4c59244b2beebd282ae0f0b256b423b4a19dda5b6c1563a387bc924e
Flower/image_0053.jpg,Flower,2,c4a8a5c3caa06f83605097558fad6f6b7d44eb6b6a23fe2381105872f32aebf2
Flower/image_0054.jpg,Flower,2,febb3287fa4f017521c1bd01266cd0effc69a4aa4f5e061e46120f8c691fdda6
Flower/image_0055.jpg,Flower,2,2d29dc6d4490491a593593e35909ef83ba1d2de1d4bf3db55d9d4bd470170c0a
Flower/image_0056.jpg,Flower,2,1c00bf523655cf7bc8ea6f2cf307e39e6c4fb855456e2844c4e843ef54fd88c9
Flower/image_0057.jpg,Flower,2,a76844311b1c26962b157515591e8c6eafca298fbc55dc9e19e482c455b236d4
Flower/image_0058.jpg,Flower,2,d9a48807401e7088afadebb1c77a3bf8995d7bb22a7faf578a86e85601d7b61b
Flower/image_0060.jpg,Flower,2,bc494c5153510fdcee45d17634885c6c8a847487fb63a449b2d1b64afcd62d8b
Flower/image_0061.jpg,Flower,2,5be3b486144d8662dc149b55f7236c797e4b9ebfba485d8b428eccd7ca318c63
Flower/image_0062.jpg,Flower,2,ebf5c30e8aa4b26c9592aefd146f8f5b71e06dc797f850ba5e1910e574d20018
Flower/image_0063.jpg,Flower,2,e2be5f213b4dc7fde8aa6c655a6dab993741c0104421302bc439e80636053834
Flower/image_0064.jpg,Flower,2,63b46e17abee9a91fd393507c982acbd134acefafe8ef19fa98d46a3adbfceae
Flower/image_0065.jpg,Flower,2,a167bda13571eb36bc87be9d7b9c556bd185cbb68ae1b1389a8456ba2364f41b
Flower/image_0066.jpg,Flower,2,85903f6711602018e19f5b1e700ea344773753a839e07c98c7b99d7f50bfc061
Flower/image_0067.jpg,Flower,2,0b35218908681d9a1e0795e644121cd3d7a97d1e109a363298133519553a190a
Flower/image_0068.jpg,Flower,2,3443eeacebbe4b36311cc38c19bd1836600b4a86d01f6f9ea9ffa2cf66149c8c
Flower/image_0069.jpg,Flower,2,7537d3cb50e2a3027d866a47f2330d69f5e6b016d0cf4d6749ac6deece6a7e4f
Flower/image_0070.jpg,Flower,2,43430340393c0bef6c3c22074c951d7f63f9fa370072963b2a48f813b4b83c53
Flower/image_0071.jpg,Flower,2,eabeb4b2a0001fc082962f9692a0e1773c37280f3faf681e93b061a040d259c0
Flower/image_0072.jpg,Flower,2,9006a515eb28900b0b98881e2747c194a59193b726f9f49fabba363976c70d82
Flower/image_0073.jpg,Flower,2,a2a9864e0f7405b2d69067576ca7d66a1ece2c09618614866dd48c0d7ec8ee53
Flower/image_0075.jpg,Flower,2,9b68c3dd1880a8c6f7e08bb08549bf4efe857b5c9fe9bb4cccf98adada3f19f4
Flower/image_0076.jpg,Flower,2,6a6adf30fbe9fb23275dfc0a6f8a7938ab91efea873e3ce27111172c49dcc9f1
Flower/image_0077.jpg,Flower,2,6e5e7a2197ebad1936232c76f583d7b7a87cc5af6ba7f73930a0f72409d28bcc
Flower/image_0078.jpg,Flower,2,56d71e3ef70702eb260149bc10647df38dce51401abc5080969bf38f0a1e1d11
Flower/image_0079.jpg,Flower,2,96e1eac55bf2a4106aa08d14f64f8eb100fe851115b6cd350e1a2438e19fd6d6
Flower/image_0080.jpg,Flower,2,de72f4e00dd34de93ee95914a718c9dfdc7939e0ea259b38f3828bae2e43cfb7
Flower/image_0081.jpg,Flower,2,8a275c18b0f169db71a694c74d721bb4d12014a5af2659255c8b21da47b9a36f
Flower/image_0082.jpg,Flower,2,d46b85dba584e9d425713a3f3e6b3fc05e3c2563ed8604d5de590b426c592c84
Flower/image_0083.jpg,Flower,2,b7d322cf0b2d09331dfb7c844f83afd940fa7d474d586c956512ba5b8e791412
Flower/image_0084.jpg,Flower,2,1798e17f3baa6a3d0171fc9e4bcaaba6755315a61184823dc447c631d01551e7
Flower/image_0085.jpg,Flower,2,1cd701011bfe5f42321107cc0133fc49be46e804622844a9c975ea727b9aa7fd
Flower/image_0086.jpg,Flower,2,7c173e8d44e1bcd73a7163579d348312ce4c7f20f1194cf6d3bb008cd48a03a7
Flower/image_0087.jpg,Flower,2,97100c5c9f93d3005c0e57ea186b3e7fe93ca3d7a775a1731032048cce84df57
Flower/image_0088.jpg,Flower,2,1823430529286c5f7a7aa7bed2739678dfc50ec22ff69d8436eddda91afec4a2
Flower/image_0089.jpg,Flower,2,c4dc5792c3eb05255134b8bf2cda4ca400eaacc27bf8046fd8805608cba50ed6
Flower/image_0090.jpg,Flower,2,109c1ac080d5b2c8d4e589b7489bcfb91fca879217eb134a1cdc79370d223e85
Flower/image_0091.jpg,Flower,2,9c70f92fe37756336365eee1a5cb111e2a1d6298f77a15291511fbd22f1e7c7d
Flower/image_0093.jpg,Flower,2,e102f8306d8bd019fe605c773a78442b2ab603cac0e0676a7a857db462b6ca4d
Flower/image_0094.jpg,Flower,2,6a29b3adfb195ea7cf150546acfa3b3fb0cae309f4fdea3fcfdb4a5ab59cb17a
Flower/image_0095.jpg,Flower,2,7aff3572558b96f83c1c3618f4bbade160b72a10948ff42602702f4de65be595
Flower/image_0097.jpg,Flower,2,10e7301f0e80e40fba7ddf3f42c8d3509afeef923e2592a8a484b6c15e298373
Flower/image_0098.jpg,Flower,2,345db488286eccc85b925b9a0993f2c699f2d369ed957d796940284e406a81ec
Flower/image_0099.jpg,Flower,2,6f4702cb5df42a216064d69fdf9a39ea724ca9655ce1de7efcd67168731e7789
Flower/image_0101.jpg,Flower,2,acec640f9ab58ae2ba52a8fb7cab75ce416a37e54eb6d12eb41f0d3ea755540e
Flower/image_0102.jpg,Flower,2,946aa5b46f505e7b14bfbe673b422d11cd6d64f422a96cf8dddf046cdbc6b8ec
Flower/image_0103.jpg,Flower,2,3e47b7cc3687abb478091d0f9cb0d172c8e8eff5b4cd2a66117ba3a1acb59078
Flower/image_0104.jpg,Flower,2,828a74e38b38137c928a4c2dae9f8e8ff906d14b2e401672dc58382d2ad9105e
Flower/image_0106.jpg,Flower,2,e25f1f98e132f5c0fe21bcb67ffe435c60adc889c53b64fccaf51b4b2101893a
Flower/image_0109.jpg,Flower,2,6644e3cf4b679a2de107b9578aa9abe03223c0056a05091d00fe091ba84e4db3
Flower/image_0110.jpg,Flower,2,d8631da1e8fd8c34191739df67992a62bad628cd8c4fee85f31a701e139b5f96
Flower/image_0111.jpg,Flower,2,f144c71cb703f401a0cd7b0111fb19c822085d12b20cde41ec83ca6a3ae15bdd
Flower/image_0112.jpg,Flower,2,bf36799da0b5cf490aed1ec9e88c5b28d50e8e7cd2ce4cb8703a65b89a550056
Flower/image_0114.jpg,Flower,2,f191473b0378b4f266e03d3e49fa46907e11988d671cdf62b9a15d67096b7e3b
Flower/image_0115.jpg,Flower,2,d8129b4fe2d438deeb097b0eba53079cad68b48c475c2a8230c56908524f9622
Flower/image_0116.jpg,Flower,2,4eb2f94abbbd3dd356c4f7024d73b1e32f828d9061436e87115c79e0d2309c31
Flower/image_0117.jpg,Flower,2,8c3247f659b39db0d8bb8d2fa03fb6a8f157a130da5aca6170960acff9357edb
Flower/image_0119.jpg,Flower,2,6eea8d14c40a077236107ee01c12bda99f70a6247ae92e7a34ea9c23176e011f
Flower/image_0120.jpg,Flower,2,9195b5b95684adc5261f4b2519b68d1fe3456cc641898c1c7aaf9e5cbdade28d
Flower/image_0121.jpg,Flower,2,e23275edd2299fbd11fedacae057b281c17a2b176673559e865b77a343adf9bb
Flower/image_0122.jpg,Flower,2,19b727cf21dfd6a748edc301088b184b5fc70e8ccb069a217a68bb0660f0e380
Flower/image_0125.jpg,Flower,2,f5bc3fb164b9946baa655cfc0d83bdefb20aedc52b665253b95dbf70d375f2a5
Flower/image_0126.jpg,Flower,2,bff85aa025186f3ff7c750309f8f8ca6e7a55c84b09a51029f8d718433a74d38
Flower/image_0128.jpg,Flower,2,85d92ab8b84195d56b23cef9169a735e384e59ce2a0bdc26ca8031104a2daf03
Flower/image_0130.jpg,Flower,2,77da6c4ea37bef0e00149608b3be448b72e3b7b47f51bf7e924d3f48fe313ac2
Flower/image_0131.jpg,Flower,2,56273b64548265fabd6472affedaa6895a48fdc89cb1da56a5f4460548c176ae
Flower/image_0132.jpg,Flower,2,9aa16872ea78cf6f156dc9178ca3916363ff04bc101629faccd841ea131529c2
Flower/image_0133.jpg,Flower,2,d76d64ea8aab1c11d521580e59831630529860657e7c0fae4b6ec96aa514e96f
Flower/image_0134.jpg,Flower,2,899a79ff520e1c8793ad53d60f0664ec64e02da2f2d8606b8e0146ad1098b7f9
Flower/image_0137.jpg,Flower,2,d678db9aa03343e8c832cbbf6158b351204d92c14f9d829a1fd8e1ab2848cac9
Flower/image_0138.jpg,Flower,2,7639a38f29c22aadffb31115262b0f3159f639aa3beb6930310d5e806e904671
Flower/image_0139.jpg,Flower,2,3bf5d1d286031987899cd5eada661554ec59c8bab2c6036d0d1c6ed4defceb85
Flower/image_0140.jpg,Flower,2,019463ad3d2b27a45217fd118098a9a9448aa17b6bdde9a7cf9e5fc363c8c769
Flower/image_0141.jpg,Flower,2,f699c6c1c918a5f377b127463137118e6c7e5ee5dee2c2d7ae028efa2722807e
Flower/image_0142.jpg,Flower,2,a427974b37f1f5db0dcde4a83791b2883943576567968964013e1e818cced7a5
Flower/image_0144.jpg,Flower,2,88f8b95ca8c8ff25b5ee463d0a279e86a04a4b6d46a13d86bc0371a2f5359baa
Flower/image_0145.jpg,Flower,2,fc9cb02c77719026d7fdecd7ccde8465a4e1e6418496de1f9957a258e544a6be
Flower/image_0146.jpg,Flower,2,2e231d195d6f9c391eab5f8291d3f35df68f34f27732f23f60750847a10c75bb
Flower/image_0147.jpg,Flower,2,6334d6ca14ccf9eeaec6b811d78f65817306107b84fdd32a3cc98fc813ee67c2
Flower/image_0150.jpg,Flower,2,f9a4ad02ae03fd6239d31bc56320b813b2e8fd8a89786b1512c3ec097d8c2fc6
Flower/image_0151.jpg,Flower,2,0af3d3a662d8f237e8c8d12bc2f6b7319892486333189636417d5a0d4d292c36
Flower/image_0152.jpg,Flower,2,f04e024cd565630e523c3f70de6c7a1732468f76bfc722d1075375cfa1adeff2
Flower/image_0153.jpg,Flower,2,a1e7c7225be0931ff6c46fbeafd709843e2168e6baa37d8b387bc617ba1dd788
Flower/image_0154.jpg,Flower,2,d1e8e0663e04eef5ad0d8ff9a77afccca5898d2101861d960f1151216f56408e
Flower/image_0157.jpg,Flower,2,18b75e0e672e5d07619a4c7e4a8081b3c62eb1bb122d5f65dd319cbb34207ca6
Flower/image_0158.jpg,Flower,2,82b2ce610a523a0e8ac47ca4f00a41dbe52d89fb48547a31932badf96521f230
Flower/image_0159.jpg,Flower,2,829fcabd81efa541d53bae712d4788b97f66d15ccc963effee4698dc21859534
Flower/image_0161.jpg,Flower,2,b8ffce75ca798a881ccbc735fc69e970eb0ae0ce30c48667dc66c16fde6de3dd
Flower/image_0162.jpg,Flower,2,6dcd6decbf2f5f1e2d189c14c86c6dcd9188cf5d127db8c2c9a60b85b75fffe2
Flower/image_0163.jpg,Flower,2,5eaecc345c4729fb7459a678f48b9709df4f0c1370b75e8a6aefc60b08645384
Flower/image_0164.jpg,Flower,2,6c7b473d9081d1399e93b9112aeec0168e052bbcbb84cde9cb0f50ca430fee86
Flower/image_0166.jpg,Flower,2,664d7ef4ac76379ed84a77ce69822a571fa8d57cf7eec242f31dbc8d960efc6c
Flower/image_0168.jpg,Flower,2,607c5ad9579abac689a44af8f4db1e7d28d125239eee437f75fc526d504cf9dd
Flower/image_0169.jpg,Flower,2,e46c2e74dc67f91c5b5d6c9240f4db35920336e09e6557247f0ba97f2305601a
Flower/image_0170.jpg,Flower,2,e35dc9b8fcdf16bedcc9b29d27fa8972baf232d5d6f0b6d10c971b1a131dfe01
Flower/image_0172.jpg,Flower,2,64f661ef3d8c6cdb6d5296cc794784c49324c504aa4900068b39228a38330935
Flower/image_0174.jpg,Flower,2,dc9762dd0bbe7167f46e4b44adce57598e1b23cb8bf8cce2df6512c2009fb4fb
Flower/image_0175.jpg,Flower,2,bce9046f422f68df775a1b0b5834e0a49b6267c7d3e4cc6156c07d339338c095
Flower/image_0176.jpg,Flower,2,07c94725f556594e4835d0396c270394cf8827332933c09ea1ee4db6dc155829
Flower/image_0177.jpg,Flower,2,cecc97862dbd302cbe3a9305c3f131a55c7039b30ad6aa37d7d233188f987ef3
Flower/image_0178.jpg,Flower,2,7b54cd071a7ea798fbef44ae23628294f0678a6ae7fcc8f822ccce593b09fc1b
Flower/image_0179.jpg,Flower,2,420b0e139d0545026c5e2ef9bf74848994015dd65fa3076f7469b422272fcf99
Flower/image_0180.jpg,Flower,2,71d4a592c7a2011fd8dd425a0927a3cffa1cba898f534baa324456ad6e9cc65f
Flower/image_0181.jpg,Flower,2,b025e89ca940447fef12031c93ec002db21518672591c96b5f05af034599008f
Flower/image_0183.jpg,Flower,2,1cc5b1633b80d751238b5e64ba04a8f24ec7b3b41122a0e975f6a7f601471b90
Flower/image_0184.jpg,Flower,2,70dd72371cd60e2a0c7d28fb0747956e00188847884712afd0c7b1bffa06d1e2
Flower/image_0185.jpg,Flower,2,472a1bd58229ba61e1e7d642aadb013a09bcbcfc48ca6ae9f548f489945fca52
Flower/image_0187.jpg,Flower,2,24e8df4f539fcf538889cf9c8dd462476f001e06bf423c50454c1e2cf54a9d02
Flower/image_0189.jpg,Flower,2,4dab923f18d7a95d96500c37c446ff8b3d3912f9d9db6d0896596c0d7cf799aa
Flower/image_0190.jpg,Flower,2,b710a3fc4e3ded318aff401c35da4eab4e29b888a8ddf6598701d60066a657a3
Flower/image_0191.jpg,Flower,2,11f0fa96b60854aef80d777ff045f51b4cf2e0520c8266193b048b69b04d289b
Flower/image_0192.jpg,Flower,2,3b2cd69decd220316bf1f902b3ee1b6aba05fdeddfaa2d012e3673d80e4be104
Flower/image_0193.jpg,Flower,2,4e180b2cb8f90dbb022a1967ab6938aa6cce0f27ad019ea0f1352e4c68c878e9
Flower/image_0194.jpg,Flower,2,4b477048f7f003f234c05b360bf473061415d3e0ff6f35a2d8660792926976fd
Flower/image_0195.jpg,Flower,2,cae4ca9664dba6b90c1da8f19e7136db5b3791abeb205dc1550973689ddbf577
Flower/image_0196.jpg,Flower,2,74a54c25cb434321296f812850718d5601aabe86f4ad8ae83d5477d2a8fadd9e
Flower/image_0197.jpg,Flower,2,340a1c042a0fa57f1ebf583c102f42c5d7300b30339031b007f42c5008633e7a
Flower/image_0198.jpg,Flower,2,47df73d404f77f053010f8492c53be3c3271302709422e12d7bbcb99d4081de4
Flower/image_0200.jpg,Flower,2,8ecb9ebb9b59f023d0f55d1a6e1e801780a142a4b98205c12e44d424f2f8e933
Forest/image_0001.jpg,Forest,3,2eee5629e8774e2b1392c862af0ef7833645fad249f05658cab03025214d18a5
Forest/image_0002.jpg,Forest,3,053980b00345b8892071de4727ff70ef3f4c6358ade15712cccf21f19d1dd4d9
Forest/image_0003.jpg,Forest,3,de23227d60963cef87f0f5c09b3ca064b68553936f24a38b6d12ca8dfd19117d
Forest/image_0004.jpg,Forest,3,a4be70e49c4e7c71f82feb2c152d4c3228cdbd040a50e34331c561e417b030d3
Forest/image_0005.jpg,Forest,3,c14bdf6ee7acc1a5185b8837ddeaa9911353a0430a3e85b4bc1e98ad4713f807
Forest/image_0006.jpg,Forest,3,5d15ffec8d119a4c140323c2d6f40f36c8117f8d3484b5e13f9327d23f6aac3b
Forest/image_0007.jpg,Forest,3,d9f855a8f9d517a48dd17ad7cd21bae5d27c596c3fb2355313c8c3b6e06f9876
Forest/image_0009.jpg,Forest,3,9dad89e4a59a4d0644da8037c60d31d37aa4ed6ed94be956c679e6b2f2a4eb80
Forest/image_0010.jpg,Forest,3,c80da251d0e95f9f96b207556e7aa3b9d9127a3c93cda2ca235dc3c939196afe
Forest/image_0011.jpg,Forest,3,4c9fcddff2a160e711daa4cb8165d6fa7e63ea71af4dc319e011fed4b0a9f13d
Forest/image_0012.jpg,Forest,3,96bfdb414e8c2d8ef8cd7e5ba10ee1988cfb79dddd2a2f9c8d6e0bcc3efc98db
Forest/image_0016.jpg,Forest,3,f4fabf3425571fa9e5a183a35eecf161e62da8c52c78b40c538ea113fbbd81cc
Forest/image_0017.jpg,Forest,3,4abf935cfcbbc64f8f3a37483597d9ee9300287243d5f96273f1ecc574054be0
Forest/image_0019.jpg,Forest,3,658b0186f0aa727d32732175a20109cc830efe25130a0b47768e0cde91112a14
Forest/image_0020.jpg,Forest,3,c1697c805973c07dbe464af24caa618c7fb18f40b03f014d72803ba8c93d811b
Forest/image_0021.jpg,Forest,3,e159c9fa66eda52c37624a27958b3e521159ad84af2aef2eca73fc27ddd0f8a8
Forest/image_0022.jpg,Forest,3,37394051698f1a98213efd2b9ca3bc9f4acf45803d525eca09a53ce2f66ef188
Forest/image_0023.jpg,Forest,3,e9959fe3f20a93fbe1f7d86fbece6bfc501c23c6242ccb329bdf596f2888c349
Forest/image_0024.jpg,Forest,3,d0a900d8dd2fe6ef17248f4317f4342f43a194d8493612cf402760181639d921
Forest/image_0025.jpg,Forest,3,f3994713b7d044334e55adf3777bdd3763f9daba5b552e7ed63e55896f92142c
Forest/image_0027.jpg,Forest,3,1e0fb135e115819aab7c1c44f5a1be2be47eaabbd1f25d4e72dcd30b28bbe0d3
Forest/image_0029.jpg,Forest,3,37632aed6771b184e4aef5d10ae461f1e55fa5435bbc0c11d8988a5d9961f809
Forest/image_0030.jpg,Forest,3,e697e3fb088af1425ebef7753c767a9851a5ce8ef804351883fea1ff0d7d8901
Forest/image_0031.jpg,Forest,3,ab43c2fc74d7986b9a5a12534e808fb38280892f8cc8c78e2c06db0d61ed1276
Forest/image_0032.jpg,Forest,3,77f089129f2b748cfc356995f0c4c4286001bb01185530b71828732b316ab43b
Forest/image_0033.jpg,Forest,3,8bedd6316c15353e9e50c987da8a9e009e40f1c240f0bd5063937e4b52c7a172
Forest/image_0034.jpg,Forest,3,915cf009eeea83004e9db2c7f4e5bb1d80957cac19b4ab6ac2dd1d310ff78059
Forest/image_0038.jpg,Forest,3,4ff205230f1c92bb9ea5bb744e2c73192bad22d4f4c0a6a3b597fd8e38a5dce1
Forest/image_0039.jpg,Forest,3,e197ecc4325274d92f69c0bf7e6491c539a569524a977c421e1af9118e4ec146
Forest/image_0042.jpg,Forest,3,9f8e5b680a893279b9434404bd2f6a6e0550c841cc35afd9542453397f37d855
Forest/image_0043.jpg,Forest,3,f0c34ddd58726b6b18dd5cdbb768a1fbf9abe5ff5d49bb1880975713d0897d6d
Forest/image_0046.jpg,Forest,3,eb5727a03203334e1bac32076a34eb2e9cd8741a8be0e3c2621f3febfad791a6
Forest/image_0047.jpg,Forest,3,4a9f802239bb914843f09e2ea39d696d579403ac1b0a272a54cbb5ce47e8d4cf
Forest/image_0048.jpg,Forest,3,00eac020ad4c20b0439722f9c9f2c05a72aba9e81aa688bb8d267fa59feaca24
Forest/image_0049.jpg,Forest,3,9957d8d270de48b08fe02c2d93136838ff5812ab600a799e2d9aabaebc2bf643
Forest/image_0050.jpg,Forest,3,83a2100d3af0e25013f6757461ac4d402de0e2b0711d28cb602302d486eb8549
Forest/image_0052.jpg,Forest,3,4db07abf9a0c84b3ec22fdb5f13d54a010135d7dbf53a4e4f1f30c9cbdeb943f
Forest/image_0054.jpg,Forest,3,ccf994ce609c114f142812289c6490190cf11a0898368f8b051b4494556f5942
Forest/image_0055.jpg,Forest,3,a9bad6dd235c1a5b455a7ab158829d70a620169c913f7f978216a63be181bb45
Forest/image_0056.jpg,Forest,3,2a2e9630503a0e51397feaa29c629f8c313334c592c08cb61308a613ac2044fa
Forest/image_0057.jpg,Forest,3,f23121a69e2c222dd441a88e38409bc6ab32283fc82479c5bc9b8971bedb016c
Forest/image_0058.jpg,Forest,3,8df512e83443e20e3f516383d7f70e413c4c5c834417e4f4e4a01c497974b4b7
Forest/image_0059.jpg,Forest,3,e194409a29cf64613bea56c41199f2d3d14c66a3eafb55a426062034616ebd75
Forest/image_0060.jpg,Forest,3,e8ef0ad9b78c433bdf44a799a338da0143609e27f551277af95b657ade17652f
Forest/image_0061.jpg,Forest,3,f130bd72602a47e4f71eeeef4a281c102790d9a5fa6d6e09f059b8fe954d3927
Forest/image_0062.jpg,Forest,3,bc7fe058da44eaeede7251091251074f3d21bbf5fd6ca4eb799eac0142a44bda
Forest/image_0063.jpg,Forest,3,c0230c98818951c7b5fcc8cdb676608eed627811ea44e6e7efd434b0989856f7
Forest/image_0064.jpg,Forest,3,56041d04798564cf76304ed3db742f447f89dae40ee78a1f93a793477a10fe8c
Forest/image_0065.jpg,Forest,3,d4f43b919e56ebdea3b05466d40524ed3f86735b0be89e0bacd10ad633a50cb0
Forest/image_0066.jpg,Forest,3,199ad253849f6a77261d04f9924d164f43df52c54abfb04b80bd7d659185daab
Forest/image_0067.jpg,Forest,3,d3884e206dd07f4121d8eda44d220651ce959813b929649b30d07a32f1f09a5e
Forest/image_0068.jpg,Forest,3,4fa3a0b074c6be13fa4c4d23b253f08621d4d796c05b9c4cac4a52425004c065
Forest/image_0069.jpg,Forest,3,a3e5da25a35ab874e902b8b8ebf06120f0b7155590a939ad6f2b8906fce8e116
Forest/image_0071.jpg,Forest,3,811f1e52847dbecd3bc61ee51591b8d1b2b8b1162e820ad544115412d68a3536
Forest/image_0074.jpg,Forest,3,7dc27a2a1a978aa79a883356ee6687074cd0a85855f2db3caaeca1217c2c619d
Forest/image_0075.jpg,Forest,3,4c0e0f11ffa21087d889a4349b7b189be6149bb01c2cbd2e6e8bd2f2f334f957
Forest/image_0084.jpg,Forest,3,fd006384b1611c46e635a2f51836045071172b9dff1bc3926f07e7679063f40e
Forest/image_0087.jpg,Forest,3,584a0b6283f4a47632c223806045d90582bb0506a183e75fc85adc067dd32289
Forest/image_0090.jpg,Forest,3,e9666e7fb8cd948c52991f054d315cb98c707366b0d437eb45d3660471087364
Forest/image_0092.jpg,Forest,3,4d082fcb6d1d96b1bda0e50a5fad31a482ffafd4ede4f0489f79f42d97575b42
Forest/image_0100.jpg,Forest,3,8399a8af158d03869bae46659cf2c136d49e6b1ec44117571c80e7e7b58ec02a
Forest/image_0104.jpg,Forest,3,5de4b83dd14234def9add2aec676b733619ea38180e3b291a171a5c4de75f983
Forest/image_0108.jpg,Forest,3,5a865d3133bc8d2fb33110d7785038e1ff109240c22837b65233020b1e7e1d0e
Forest/image_0112.jpg,Forest,3,3d7a7fcab0b72dec6914af21a5d2e22c564ef9f495720a71b737e93a1c3e66e7
Forest/image_0113.jpg,Forest,3,a9b686fc4ead0f832b09b2e087c222eeb3c43e2a3013445540e1dcdd7b00adb3
Forest/image_0116.jpg,Forest,3,ac54a22bf1d5ec3cabf9cf4e8dcb010a34746d4685078263e13aa9a4004354b7
Forest/image_0121.jpg,Forest,3,c110d8750ca61928fc8129927587cd030836a61061195fdd7bc0e833c95bd521
Forest/image_0123.jpg,Forest,3,c0cd0b266fb658fcfb126b2bb4c4e38dc45623cfcee2d7a5c33efe72eac1cb3b
Forest/image_0129.jpg,Forest,3,50418934157406ed99e92e7dda1962cf4658177029ef64a1dbdcb113c007e2ca
Forest/image_0132.jpg,Forest,3,6969cf392b4a30581eed6bc937dc9e1e6bedf59ab8a6ce63c3fbec420ead114c
Forest/image_0140.jpg,Forest,3,e43cbada97563802b0565ed1ecde06907ce6973760bb9c6ebe75a49629e3b276
Forest/image_0143.jpg,Forest,3,7bd4486a7de14dcbe81fc59b8c04bdc2adcc45c6738093a5816ab940a605dcec
Forest/image_0144.jpg,Forest,3,b23fa3b84630913302b3f8934eaac9dcd6ff7fa6c0124d824a0f576e2487fc5f
Forest/image_0151.jpg,Forest,3,137377ab2ca8948ba145b1c10dafc6d7bc773b059860c8d009e0127b656168f5
Forest/image_0152.jpg,Forest,3,d1a0620744e8aed06c281f6880a3b5e547cf402f05d83491c61738f3f82c80bc
Forest/image_0156.jpg,Forest,3,fbe4d25149ecafb7c71dff0aa900d5eab9ea3fe22f91ed37cd8bef9c22844ac7
Forest/image_0162.jpg,Forest,3,7a6cf6b6ee5073b01a209846c9f86907ace1a5164d8a90c2f2d8fd519539b8ad
Forest/image_0174.jpg,Forest,3,f65873f7c5e999736ca26edc253a63751bb9fe14043f8bac4462fe8a828fc9d0
Forest/image_0175.jpg,Forest,3,c9f2a6abeb9210684c44fc8bbfcd395a03eeacc85fed858d5436263e3e7d88bb
Forest/image_0177.jpg,Forest,3,959bce46aabccd80f2dc09f14a1c843134ff58cd783f9fdacb335783537fc871
Forest/image_0181.jpg,Forest,3,f3794ee1bbea665893f7b3f8ccd1e347a427622cfdac0cdbe5093d36ddb25b0e
Forest/image_0182.jpg,Forest,3,011c7421c13491f55fd2cc7c868eaa8a82d65b5bd3b166b53d8a9eb72dcc07cd
Forest/image_0184.jpg,Forest,3,4d93762ced8d75e5ceee776538568d652cd48b7aa11da14fe431816da1d9184c
Forest/image_0189.jpg,Forest,3,263073d0fe1e2478586a1d1ea58e0275d04d7f79e41e28bdb03f1830bb0729a0
Forest/image_0190.jpg,Forest,3,2ff0e89a606ed6dd0045040f40a7b9bec55806512a3dcbcd2f1df3d166d9526a
Forest/image_0192.jpg,Forest,3,e5fa87fc2368d1c6b62ca295121ef2df03fd3ce59256e28c78e5b8414f428211
Forest/image_0193.jpg,Forest,3,69cdb77f42ae7dde251c3348a4f414a0ae2c1d7e1a33ce0a6a9a226314b153dc
Forest/image_0202.jpg,Forest,3,d845c023ca5b6d52ea54568ad38b16f630eb6ab21590dfcfeb637373f5e2588d
Forest/image_0214.jpg,Forest,3,7a3e08abc53a327176ad69ff54d8fc67f908c2bc5bc1aa1ac66c7af18a6817de
Forest/image_0217.jpg,Forest,3,140b0d6abb0e94ad970923d0fb7428fc29343d78383e05a42019a0e10e4bad72
Forest/image_0228.jpg,Forest,3,17fd7ea1207df2562d8c884d86ac6a67c55208d28dd6bf3a40a58fe64f351a37
Forest/image_0229.jpg,Forest,3,b40eb7ee32cc5d325c80c16921a16128a6a3bbd98b0178e5932f2cb94809310a
Forest/image_0233.jpg,Forest,3,1200954845e7ea4b6600d775bd9cc3b2fda9061cd347227855a4303c245d61e4
Forest/image_0237.jpg,Forest,3,6d946a3e18312eda0abddddcd929772ce20b8c61b53264007d41400cb3fc0d5b
Forest/image_0240.jpg,Forest,3,25baaafcd90b1232dc6fe7a091ec171ef4ed01599f767d87db9d56c353cc489c
Forest/image_0245.jpg,Forest,3,3bb7df8fd8d2c240c847842765d5eb30c59ce2d15143ac52683b902b6793fb9c
Forest/image_0250.jpg,Forest,3,99573531d06f637f089bbbca8c96bf53cdd650aa17c69a6f4af3c3f1b9b3ecbc
Forest/image_0254.jpg,Forest,3,526aa7e7e67c9af2f7f9b9348cb6cdd002b666f926262905b818e43ff2785f0e
Forest/image_0265.jpg,Forest,3,ac94ec6c7ab685310c55622eb6dd636b5bace4dfa4bdf0842561caf7cf7fade3
Forest/image_0266.jpg,Forest,3,7d6162d87613442ebbfa4e88532baca0fcddd276b647729aacd323f3602cfd37
Forest/image_0267.jpg,Forest,3,767c0cb239694942ec45bcfd9be8985ca20d6d6e0980d8b04413b0a142e9fd02
Forest/image_0270.jpg,Forest,3,1367ce012dac4e2b41ac692c04308018e5f648c46c0576854f7af61321de92f5
Forest/image_0272.jpg,Forest,3,fe92a5af1e02dcb925d324a1287e9ca95fc312e46c77c41b56d3e55a79be5549
Forest/image_0277.jpg,Forest,3,88ac90000ed86f812e5bbbf0ab5316373ab45a8792637e4bc4d602809e44977d
Forest/image_0278.jpg,Forest,3,1182df51781c7edff332903240db4b2cf5405e1633b71c0c8c4ef2a02e0b679b
Forest/image_0279.jpg,Forest,3,b25bdb5a9600c47a84266983fc34e2076e994dc6af570ac111f65f0a43f87169
Forest/image_0282.jpg,Forest,3,fdc8ed32eacf74d8800351b6744d0be4a6c8c56e34f3bea085919a4abee842eb
Forest/image_0283.jpg,Forest,3,376e50fd7f4c896e0cad8975a404b46703c18117bb34c264a1f5e5e3b20f201a
Forest/image_0284.jpg,Forest,3,aa8d51208e946f9eba775373ea20d5a1a9934e4f3756f8b7e62fe415f18c616f
Forest/image_0287.jpg,Forest,3,9070a4f76f2a87e4d04289d56465bf0afc48b25d016f435a04fb1b05730e0fc0
Forest/image_0288.jpg,Forest,3,ab85b14f2db7e01ea8c033fb4575174a6fb953e8df8d71be6c5851a29a8ce0c5
Forest/image_0290.jpg,Forest,3,a9965d1513832a400d8a3c3e98a88a076caa22ab96e923872b91f18d57ad4fec
Forest/image_0298.jpg,Forest,3,cbd8a30c6e1378d36b426b1c52f7c0d13724f119a63d3e5b0e990127664da239
Forest/image_0300.jpg,Forest,3,12036e6fed2995e90ae3cb63c115428833fcbba7c4eb0ca55bb2d87978b3c744
Forest/image_0308.jpg,Forest,3,c5ab1d04da3d25c18d716d9cfe9e6918d3fc583aad9e09677c0ee0cc24df7c6b
Forest/image_0309.jpg,Forest,3,7e9e69972993d0391f4729c2500f200d6ac9eef621733b031b13fffba643a989
Forest/image_0313.jpg,Forest,3,be8b3042b49fff5fd1dd9e1f299116e0f00cca249de74de5c3f2ddb430f76451
Forest/image_0318.jpg,Forest,3,d753f8bd3fe7a7e7ae52e6617beda6e1dade872264a845e10f4b16e391781939
Forest/image_0324.jpg,Forest,3,a46e2194fe6dbdbed89b031072774ee97b61ee2c36718dcc6305cdbef0847ba6
Forest/image_0327.jpg,Forest,3,eed626342eaf42e258a775f272ddb9c56fe8b92bb3f3cf00c76587dad7b64483
Highway/image_0001.jpg,Highway,4,5fa633c9208e20ca700980db2e725231b0a7d2d863ed0f2656daf1439ca35239
Highway/image_0002.jpg,Highway,4,75402b23c4cc9d810c4980e16bca6ab96d4b7c41ac56d5fcb05495decf95536c
Highway/image_0003.jpg,Highway,4,634777922d023beabcd583a36e9ef8750dd54b8677e626ad2b5968733994311d
Highway/image_0004.jpg,Highway,4,0b640d6923327c7d233a394e7fa5854c21e3560367536663531e3aa25488ac62
Highway/image_0006.jpg,Highway,4,e3f94ba736f206f2b7a3ccb7954cb52d931b9020780388cb682aba8894af444a
Highway/image_0007.jpg,Highway,4,4135792d427fa81f406264c4109eb6114d10ebbef5a71432fccbabeb91878bd1
Highway/image_0009.jpg,Highway,4,b75e4ae847eb44cb60744b11f2b3106fb282f048a4439e3b9bb0ad9b91ecfa94
Highway/image_0010.jpg,Highway,4,577c7cdad660869b8fc1ffa6e3ace35585acd41a2ca76ef49bc0d297a09fbedb
Highway/image_0011.jpg,Highway,4,ff8135ba6cdff7e24e46071a9a017ad977d4e9fbf0eb0fae56873ee24a79d25f
Highway/image_0012.jpg,Highway,4,74bd7f586b0a5aa5396827f96dcabc5a9f8c5792bf3e92b7c7c24946efaeaab9
Highway/image_0013.jpg,Highway,4,3625cc3efb5f6ff7845ec9e89351764c77cbf2d72a7e8e014ff3a9e8cd1a0076
Highway/image_0014.jpg,Highway,4,80e4672018b75a623ef53c490c2fabda5ce47528cb44cd7ad2d7636d8d3a1a87
Highway/image_0015.jpg,Highway,4,cc40014005855bd3c54e63dc3b2e4d806ddbfd658f013bc67a94961b506ed2ac
Highway/image_0016.jpg,Highway,4,5d5f61230e91808a31950751afbcd11e5b3adf3ff7248e8f5ff68b190173f1c9
Highway/image_0017.jpg,Highway,4,8b2670c03f3ecf13f15c85582957238564b962e8b7120c17156610366f3177db
Highway/image_0019.jpg,Highway,4,651f600f3d9d7d08fc12fa433c1dcfde9fffbf654d373d4e13706c4f34e08f0d
Highway/image_0020.jpg,Highway,4,0181ff6051cc4d187945b75d4dc6464f105df546027d67a3b4a6ed337f1df955
Highway/image_0021.jpg,Highway,4,93f9b06c47e685b21a86703f37f93694a34e452231d0e9c2d1f572eddca6fe1c
Highway/image_0022.jpg,Highway,4,71e4397b9f54c09589c8c0ff9c92542e8063d4aeadfd2f58d6a7bf4b81e8c121
Highway/image_0023.jpg,Highway,4,1f45aaa25842d082e1b0550acaaa9f3c53d82457236ae5481938412311576108
Highway/image_0024.jpg,Highway,4,adfc1ee958975d827e98d316c5a2db6750fa65b903b95f0d3785ba300d0db7ec
Highway/image_0025.jpg,Highway,4,f53ba1644bc46b28e03143d3f1ca31e7ed4fb160f24ddad2e0461d54f27d4cba
Highway/image_0026.jpg,Highway,4,4f4e971a7d475ee7efca7c1ccf87ed7676671230a5d60246629558e9ab155eb7
Highway/image_0027.jpg,Highway,4,377496d3e58f202f6c40e198e2ff76ff79f73dbb4b0c103cef788efc6a139ca4
Highway/image_0030.jpg,Highway,4,5c3cde37ffb48724ec11c809e86a64ee3aa12739ce0e85b744353db1f0df79ce
Highway/image_0031.jpg,Highway,4,18096f0bf7b689cf7997d60cbdd7e1beb49bdba6f43dcc8fdd8bebb4568f00a0
Highway/image_0032.jpg,Highway,4,87eabfba1acd05adab110fb08683b8a24b824bc6b65a6e3109bcf60d83b0d9d4
Highway/image_0033.jpg,Highway,4,ad9a156a662c72aa81719c2f47fc0271005be3254df90f5ba15b4ac991cf987c
Highway/image_0034.jpg,Highway,4,d6b593cfd5f091b8a5c1ce4d8226fe6376a3140021392396a16681b1ecdb75db
Highway/image_0035.jpg,Highway,4,0b6a5acd3b6c5b30852e8bf3b139d79518b108133794ac898e982a02115bccef
Highway/image_0036.jpg,Highway,4,3cf56395e80759983ac606d99d36a3ca33d066f493df65cff948fc9fdaf61d1d
Highway/image_0038.jpg,Highway,4,d9df77fdf69e0b19e8c6f04ff87278a02baffdefe2fc856967a62a536db9f36e
Highway/image_0041.jpg,Highway,4,87a8b412c94ed60d5ad188f898f7120a0ea470c0924daa5fb140fe80ce6b84e1
Highway/image_0042.jpg,Highway,4,10398796053fa05fae6380291bf450138e374268d1d6a74bb063a18fadee6eff
Highway/image_0045.jpg,Highway,4,1606d03c3417203656247e810003da263e8f1d076dadc1d14b1e7a6cf7c3d604
Highway/image_0046.jpg,Highway,4,c19eb30fd3895221387eacc07613a09973fc157a2d238a14711c3fed85240ca8
Highway/image_0047.jpg,Highway,4,d6252cda8b822d53bb822121e1b9dcc9e554b8a1838cef6c87fd0703548cdcaf
Highway/image_0048.jpg,Highway,4,7c74849564be6b74e8893ed4a4a27c86b66b8a6af80d00442e6f7f5b4ff4f61e
Highway/image_0049.jpg,Highway,4,976810e0c347b6ddda98647363bca012ca9c5124feeb656602731473cc419e49
Highway/image_0051.jpg,Highway,4,8c8d246357c04d3845341702a941d64d3d99490107a0dc99d3a044a23da9c8f3
Highway/image_0054.jpg,Highway,4,91b820aaecd046f90b420c01f4423845ee9632c8c5ddfe44a3fcbbbe34e34d44
Highway/image_0055.jpg,Highway,4,4a462c1b38eddc06305c85cb50853886ae5b5945d4a0e0382b7484422ef926f5
Highway/image_0056.jpg,Highway,4,7d3f9231816f3124bdd8973b42cc5f1a381ba5c15cede6d3521b5b93b963e2c2
Highway/image_0057.jpg,Highway,4,7ae8d21236e18fc42c5cffb777731822dd292c2983667ed2c21eeccbeb4fa719
Highway/image_0058.jpg,Highway,4,a8333559723b62f1dff75a988915bb58f759d0ae7305666b5c2e72ee90d17b22
Highway/image_0059.jpg,Highway,4,b74edf1a8b0446a340bdb9b691c648d832f9774ff1c3d8a6b2de78f720232d9b
Highway/image_0060.jpg,Highway,4,0b758e218e6c672a63dc23d22c3be2de3660cca80455e4b333c427c26925a124
Highway/image_0061.jpg,Highway,4,f668d38f07e4e9822dec2078689666c3926d612bd3fc250906307aea3551add5
Highway/image_0062.jpg,Highway,4,bfd11dba51bdcf354e26f2476221e93cc699a5e053e4e2d7472fe9deafee9519
Highway/image_0064.jpg,Highway,4,29ef2bb4e19ca8920d2112eb4319c24ed202165262126eb7db71c058845cefb3
Highway/image_0065.jpg,Highway,4,b543bc556ee55d65e307629230fbbd9c2d86b65048b8adb7ea2ac99c2ac68e64
Highway/image_0066.jpg,Highway,4,f883ff5f557140577659a6238fe0bb73a34fcf60a73982ed84a29923c63e47e3
Highway/image_0069.jpg,Highway,4,c42596bab162a485b3b405ce67d0666ccde224da8b7c1249a9238caab3c1f8cd
Highway/image_0071.jpg,Highway,4,53f4529c50d33b6c9eda02502245d602f5b9c146c9858cb348a13adb17868c4f
Highway/image_0072.jpg,Highway,4,36abcd4fe66f07acc927d25a103f46b1750df21cf3fb86ead560c0aa4cdb33c9
Highway/image_0073.jpg,Highway,4,504d81011e6655004051d40206a580fb64f9ddac7892a6b7d715a462036f55b2
Highway/image_0074.jpg,Highway,4,165201a348cb447d8af0b28085e715e4a64cc82d75efd23c92766b7904af17ae
Highway/image_0076.jpg,Highway,4,6231234ef4f8ba6771c4af74c8a020be469f6cdb6bbfc1ea7da2f948cb01b733
Highway/image_0077.jpg,Highway,4,d50e835dbde42325e5f75afcf828fb4621370ae914f1144adefb76b9b0d2897d
Highway/image_0078.jpg,Highway,4,44ac29ac2352ece0b0b4c78a71ab4e8c55060432e4aaa5a050c327380d17e52b
Highway/image_0081.jpg,Highway,4,db80a3ff920719453b13dde143f70ff1988331f2b42112d01c6e0603822ce904
Highway/image_0083.jpg,Highway,4,3b73c92008eba2b1bada8901fd7d64fad04daa2e5ceb9193cf43a0e664974256
Highway/image_0094.jpg,Highway,4,13a3e8b6bd1b77d538be3e358234359193d8476bdb6925f65d5ff0852b8c60b9
Highway/image_0097.jpg,Highway,4,cc77f80ae9fdbea585fe1f2fe8884286945549e5e0c6acb36e9aa8b513bf97e2
Highway/image_0098.jpg,Highway,4,2b1fa2a5fbf5ce694a7c9479a77943ba89571bc86c6ebc6d5a4de89050bb2b66
Highway/image_0102.jpg,Highway,4,975c27d02bd6fb80336f66e5c50de767cf035cd488cc18a462c0690502673639
Highway/image_0106.jpg,Highway,4,49eb383a54e056abc1eb603abb968e018948be27e087445fb976460853f4473f
Highway/image_0107.jpg,Highway,4,d83731c78494f1ee3e954c0556e077912f7b8fb26cf8f32eeef3c107018c3007
Highway/image_0111.jpg,Highway,4,c88411f66ad6b59043fbafe1f10a939ae1f0ccfb6475a54851a3905d7dfe9184
Highway/image_0112.jpg,Highway,4,178088e2cbe6eaaed1400a61a01e376ec4cdb26863c7cd50eefa97d8a782eb73
Highway/image_0114.jpg,Highway,4,e9e3525e5553f389b2633d4d3262d7777ee8a074acd9df8cb7d02356735c8a55
Highway/image_0115.jpg,Highway,4,6d27212373cec7a697e0929136728ad3387635890629c027140e1632c09d89fa
Highway/image_0117.jpg,Highway,4,ce4b5e3cf45b378917a42e8a22bd5610352d581481d2318411f612764e083c51
Highway/image_0118.jpg,Highway,4,bf09faf1dbbd5538da153a9b6f00bf9abc670cc552acd00f9ecab9a8cda172f8
Highway/image_0122.jpg,Highway,4,223fc50c97072222e89ca96445bf549c5ac6255e7598bd3169c8f6b1feb6242e
Highway/image_0126.jpg,Highway,4,5d40863cece4b676e5bd5f09acc56799f331b639178051055ca654d5307378ba
Highway/image_0127.jpg,Highway,4,9a5199c771dc9c024b72e7c04740568058dcf6efb595c5d4cd09d08f190bb38d
Highway/image_0128.jpg,Highway,4,52df61dad44f8352f87e948ef73dfd5af0ab9984c4b4b522fbb7b3bcdc3960be
Highway/image_0129.jpg,Highway,4,4daa9589fe324725f274a4a55d012614fb1d3cebe61469706e157bda959ba0a0
Highway/image_0130.jpg,Highway,4,5e8435e13fe35b0ee8e9d80a6247f893f97e8e960d5e3a52dbc1fe8c4f6cac84
Highway/image_0132.jpg,Highway,4,5bc8bb3e26813bafe3a85082c64abf8aa28ac4132af3a04aa7cf8328f8fa5fe0
Highway/image_0138.jpg,Highway,4,607acb0c045537b53b0708afefae3ea6d5531c69e75c35640cbd75ad4645f226
Highway/image_0143.jpg,Highway,4,0c1a4019eae55b0f9cc6a24f8641ccccd807326cd462e8a464e48cca7afa4f8e
Highway/image_0145.jpg,Highway,4,6999567ecbf8d7e842d4aeb95719c10861b8cae3cbfa790a4816f48ac8211319
Highway/image_0148.jpg,Highway,4,abbd9858c59c77e7191d43b439563c38af0d6e8084868dbb68d9b98fc2b285ee
Highway/image_0151.jpg,Highway,4,f72f111314583a74d8e6fab2ddb15402b56b5431dd993ef24ed0e81803cd1e75
Highway/image_0154.jpg,Highway,4,6eb94dbfb0bb5f52005e6be920b5273c00f19d052ac725eb2b2e6812a8185366
Highway/image_0159.jpg,Highway,4,77996f62d9629d60c1f9819a335ed5e49ba881afbc7742b9637360c023e016f3
Highway/image_0160.jpg,Highway,4,f87a450ddd416f9daeaf53994773a538bce7b85668cfba3f37e4da30916a2d94
Highway/image_0163.jpg,Highway,4,d208b4afe1745fdf15131aa1dc71fb36de2ae4163159dee1c13ee1108c7a0d12
Highway/image_0165.jpg,Highway,4,fa599e2ab3fc7ec9784b9d835898901857d763af529979cbaedfe512fa57d037
Highway/image_0166.jpg,Highway,4,f01cc49e19dcf56ca80279584131fe929c12ec70c9f531a9f220dfe6cbd1965d
Highway/image_0167.jpg,Highway,4,bef85e5e3cd870f12fd66adfd305b7c9f0d2fa74efcef034dabd312f3b286921
Highway/image_0169.jpg,Highway,4,68b56162c42800b23a063771878ac3d5ace852ce8b7d3e0c7a9389a85396efc4
Highway/image_0175.jpg,Highway,4,a20eec9c1932aaaeaef669f2607698729ea1f71f31bda0830f15743fadd6a67b
Highway/image_0179.jpg,Highway,4,7b894a104fd3dae27c69ac6160ba6956c2aff2176e88e47fd5b62f3a5e700a82
Highway/image_0181.jpg,Highway,4,cfba93e141d6b716369521fc16168d9aca5c4c8b527e5c54deb0f6de53a04561
Highway/image_0182.jpg,Highway,4,472763464dd37fcfdc82e68007645bf8d1d8e1ebcf5be3d6d60543796faa6a1c
Highway/image_0186.jpg,Highway,4,18d3394a226a1b4a65a20d2fd11ad27dd241f4060348fe10bd9e57f952feeca7
Highway/image_0187.jpg,Highway,4,5cac9d1e10a206fc917f3d8a19a93416d8e9d2e8835c626754e4c0ee332ae651
Highway/image_0188.jpg,Highway,4,8cbeba16bffa13907b1d6b26e2484d824c248d67a05f91dc93a8e264242c8e8a
Highway/image_0189.jpg,Highway,4,c9d819a3c0d64e262b76c724e315b240bfde85c87d0e56c81dc781f5d65d4730
Highway/image_0198.jpg,Highway,4,5ff11af09c1b8972cd402a30ed613e7cec6f57390c919347662e965df97e7405
Highway/image_0202.jpg,Highway,4,e64a159dc649db2b9fb9b294d9a0cd72560c7158a795e7e1d508733b2b7e7648
Highway/image_0204.jpg,Highway,4,3008bd4d1975107f72d727beac72e8211a812f6fe5bd57aaec70a2561316e5f1
Highway/image_0207.jpg,Highway,4,9726c68261134eb8a2ca53d44941e0efb8017e17a24f0df2eec9ef4e67e5f351
Highway/image_0209.jpg,Highway,4,9dba6913446f5dbb8cbc1ff6a5b2ce236f2bf64e73aad0cee22dfabdac05c96d
Highway/image_0219.jpg,Highway,4,e6d3b3a1023070584e0f37cc3dcaf754268bf04c630c9a240b9978b138de68ea
Highway/image_0222.jpg,Highway,4,862b2d495c81c938078bb5b1a32efcf6a83f1daf0c9591e2dd6ddf8590df0c3c
Highway/image_0223.jpg,Highway,4,af4081d3e1d9514ead596c81f4c70720fe1ba94bc834e38c98dccbb1b89b4d74
Highway/image_0224.jpg,Highway,4,d7e1ec2402abebe86bfa495f097f884637331f5e1c28d0d4586d556008934960
Highway/image_0227.jpg,Highway,4,6b08b96ece518827e61a3e6e509fcbe616f52d37a7089603ea3cd2f9e643f4a5
Highway/image_0228.jpg,Highway,4,2742e6979b90fcc1aff3b7f95dfd0b8694616530d5006713307f8a7382201077
Highway/image_0238.jpg,Highway,4,93d9a2119fc604f26a2ff57ac802c8abf88b572fc3aa6882f81a1b07c6aa3f4e
Highway/image_0239.jpg,Highway,4,0180a4374e260d1328b5c3fc1b5f9e7c45b87b6574e4ca772912b26506e3c233
Highway/image_0242.jpg,Highway,4,1175a7f99455a751821bf7f3a08437f2c56f72910598df7bff1583dcfffe0c40
Highway/image_0243.jpg,Highway,4,5b9388a565f3098f4a580041c7e310737221c25fad29a47ad5fdd22333479188
Highway/image_0248.jpg,Highway,4,1cb680e06ed3c23d0408efc4b88ab8863338151539747cd7c261a3dc4cd77187
Highway/image_0254.jpg,Highway,4,9bb074695861d7dce241b7798c4c0722e39b0b01fa61341eff04118d8218b715
Highway/image_0258.jpg,Highway,4,6e26b1bf84e1c63095a2824c93dffee8e737ec479c93c6a7a8558c4d1eefc5c8
Industrial/image_0001.jpg,Industrial,5,0e305977f9d7a7fa357ca9b3ab24f819afac4c31a866d4bcdc09d9ca7e59036b
Industrial/image_0003.jpg,Industrial,5,bf29fb1ba3da15d4956626228414f0fc2b3bb7c811ba156e96cb267645943b22
Industrial/image_0005.jpg,Industrial,5,789ba607f57e9f5610f50eeb69d4d4bca4f1d9addb7c63a4ae0cdb82404e8923
Industrial/image_0006.jpg,Industrial,5,2db2b4868944104e1643b3a3196b88fc4fd4936662051ca5dff4b9a7532929a5
Industrial/image_0007.jpg,Industrial,5,4d66bc185cf3589343d4d3463b9e05d30b8da5ae0bb46fadb28a8e07f6fe820e
Industrial/image_0008.jpg,Industrial,5,e6ca6113975d20badf70981eeb3ea6cd6ce941522a36df641abe3e44de6e36d5
Industrial/image_0009.jpg,Industrial,5,00d4c75c537305a797b40a084a366624cffaef9b1f9873e872c6a026c864e3aa
Industrial/image_0010.jpg,Industrial,5,df78051622aa5a8dc21fad01f6f178aa768a4724d34e968583de11ddd6ecb799
Industrial/image_0011.jpg,Industrial,5,72d11f9464d20c445ad59c643446c24cddc449d57fe87807859939954740a4a8
Industrial/image_0012.jpg,Industrial,5,ca0b7092f5ac4e282ed279dc0669ebc083f6966afdea9a4e763ba1163b8007ae
Industrial/image_0014.jpg,Industrial,5,90c976acb0dfd4e4d1b59fc953baba99f5aff63642643b787b40f92dff6becc5
Industrial/image_0015.jpg,Industrial,5,2e61175656db13c6a336fc23ccce5df769c45ec1c9c1ed159e00b9d8ec03daa5
Industrial/image_0016.jpg,Industrial,5,617cba5cd28c0bce0af6fe2a512f337d11eb393c1a28ec23fe55dcaaa2bc5663
Industrial/image_0018.jpg,Industrial,5,57434bfd1d7b25c3f0d6a98bbeaa35a29b2f3353a1fe40e266effbe1563f37ef
Industrial/image_0019.jpg,Industrial,5,0ad6bc35e85c50ab1578b00143b61845238b7106bcb3dd082e9897e972ab643c
Industrial/image_0020.jpg,Industrial,5,0c15202185375b2d14eac018eb1d3e0eeecde91f61a07d619476bca4552b238d
Industrial/image_0021.jpg,Industrial,5,c0ef528de9782125f1cff9ca68baf947d7fa35046328b1cdb55e6f53280c9a45
Industrial/image_0023.jpg,Industrial,5,68e75d58a3ce6bf76eae595c3823284df320b075003f2db647a4e6388dbdd536
Industrial/image_0024.jpg,Industrial,5,4b03e8ec4a0cf47d6a0f0637341c54c17ff61b0b5d60a59a126606bdbeff866b
Industrial/image_0025.jpg,Industrial,5,7c921aaab8357dae7587e744be21355003f3c93a4bf24d60ef2bd7b5bf290c34
Industrial/image_0026.jpg,Industrial,5,6085270d4f8031c40fb18607ab7808bb51c6c18f2773c63ab0e3aa46ef21d1d9
Industrial/image_0027.jpg,Industrial,5,d0aaec41ef67f552ad7247855783650732d5d92d622b5ffc8b02789f365ba40e
Industrial/image_0028.jpg,Industrial,5,2855186c4ac1e5fa6aaa9902ff48684d90a79db52215da3cab1af74e3e9d8b54
Industrial/image_0029.jpg,Industrial,5,268edb0d86ab543fb5e7a258d535dd00b9321ed497b0ff53a91122719c4c5887
Industrial/image_0030.jpg,Industrial,5,9b7a269498918261dec4b111f333425c5fe3de4357801f1395beb3ef9b12cebd
Industrial/image_0032.jpg,Industrial,5,c5396346d320d1129e80765ee36d06894225ca360c7647c2067bdd5ee9c78e2f
Industrial/image_0033.jpg,Industrial,5,74f6987fdae53b502c03b5ea0646a39d9024439628bd75d150e2b52baa7726e9
Industrial/image_0034.jpg,Industrial,5,c4fed98975cef809ef7b6858671b6efcc1be9c9c2369e6d02d9e087d9d0cfb39
Industrial/image_0035.jpg,Industrial,5,952823bdfff8a44f7b02739380c58b5bff8f2cf70fc3743a6445cee99832b9b7
Industrial/image_0036.jpg,Industrial,5,3d6d5f70ce5ad3ef0b73a6886230c58b6cddabd93edea3861bbd58ba5f0e5a7b
Industrial/image_0037.jpg,Industrial,5,92f977a78d098dc0555985180b1fb761d11e08c1a9026067d413eb4f238a949d
Industrial/image_0038.jpg,Industrial,5,3c71532c6e94af82aa9220b37ff09900a17f9c9acca80aefe2c920d9a93f47d8
Industrial/image_0039.jpg,Industrial,5,e3bfda2ca053460be4bb587e5818efb993fab5bcbbb74c094e4a0768da52b771
Industrial/image_0040.jpg,Industrial,5,d1024b2c3fe045eab2eeb7a09338b72b7967b70169aae229cdd8e529ac9fe631
Industrial/image_0041.jpg,Industrial,5,899003a84bef28d6c14516b2a59e14b1a9df4ee50717c213da82392fe08dfe2d
Industrial/image_0042.jpg,Industrial,5,698028080b5c38c506947c46a26ebcf569164bdfc4a021678f79b218d15b213c
Industrial/image_0044.jpg,Industrial,5,197a1a836bab3ae5025be2017ab7a6e9213ff56256741ba995864dd804eb334d
Industrial/image_0045.jpg,Industrial,5,0f29dc4150b99338be78a62125f78edd25217b3b3a3036579e13d12ea2ac65cf
Industrial/image_0046.jpg,Industrial,5,80ef5cdc5081a41446fe1c33aff9e4fc29c1a7fc5b1e20685c75ec3fe9bb0d32
Industrial/image_0048.jpg,Industrial,5,3ff98a1223d658bf62b7f73f43556580423da39a5f35633156c276c607cce46e
Industrial/image_0049.jpg,Industrial,5,053a77156cdeb2dedd7a7fbff40a48cbd84a0b269602e0492b7130398c3223e8
Industrial/image_0051.jpg,Industrial,5,998765feeb3bd4ba61aa9db08965c9d6182088b04002421b3f3f1915908a2c19
Industrial/image_0052.jpg,Industrial,5,6492b22c2eed3b7e3bbc748a9018e2d836e024beb2c28567795603503a973fed
Industrial/image_0054.jpg,Industrial,5,99c6011064b4b877c4915f11df6abd720df200489fd72c57277b968c9d052947
Industrial/image_0055.jpg,Industrial,5,c6162f23be3bedee4f602d19e1db207746041907d08cb2d186d15a592ed9c800
Industrial/image_0056.jpg,Industrial,5,98fe38c19995fbcfb82331d4f4145c76886075d0d4807f4868fd5c473c80f5eb
Industrial/image_0057.jpg,Industrial,5,c2b99e3a03995c922e72743990c87a673e184d2de995fdd44427d1391be63523
Industrial/image_0058.jpg,Industrial,5,83db71f0c684c71266fc12bebdae3f33d449fff30781742d3d59e1aadd3fb448
Industrial/image_0059.jpg,Industrial,5,448869f8bdb8ab4827233cdac3e7fe50cc5f87643697bd38bf5c94ed29748bf6
Industrial/image_0060.jpg,Industrial,5,ef2b98fe302b9e67858815d7193f4a7807174d841dbef55e8d255acde648a607
Industrial/image_0061.jpg,Industrial,5,7218a42bdc4f2faadea539f174ff2ac920a30f8e68ab1660c10534f59fedbf29
Industrial/image_0062.jpg,Industrial,5,fd75bf132969e748b9fc7ac6e6cac5ff8baf2d65a0e3c36f851b0537f2cd2029
Industrial/image_0063.jpg,Industrial,5,2f8e7402316200a7df980e4303148266b9806bbd76eefdb05cc3a18c2df51c3a
Industrial/image_0064.jpg,Industrial,5,5425128c15d1ae81def6e27cb3b0606b8bffafc03096fba8226b82b9cc08f223
Industrial/image_0065.jpg,Industrial,5,545558fcfab418fe5026f62d7d539430a590796e409baf6d68667b60975beaa9
Industrial/image_0066.jpg,Industrial,5,01e7bb19cebd7dad0793c99711e9c03e4108a72028d9592d4f0703648c3e247d
Industrial/image_0068.jpg,Industrial,5,0b6ca99e2b2f6208211bb669a6d1f2d332a045b65299fe06b537ec38c71d712b
Industrial/image_0069.jpg,Industrial,5,a7e55e761a5c02796de940c6490924eaa9060707f5cd669a4135c952c3d87fbc
Industrial/image_0070.jpg,Industrial,5,4670f2feb6a31a1a54d85434eb4c3f536f90a726635dbad2590b973cd9134782
Industrial/image_0071.jpg,Industrial,5,bf301eb9757d24d0a3b2c655707e9f6c9e3af14408a6531baeb2dc9a3370e613
Industrial/image_0073.jpg,Industrial,5,e2c1ff379e00d836f8bbfdd8fe81a15b1a05fecb77b8b207ff36981f6b4498b5
Industrial/image_0075.jpg,Industrial,5,4fb43af7c29f434840859de332c9ae1e7b5508d6ec283ddfcd1d743132b4fcb2
Industrial/image_0076.jpg,Industrial,5,4de71684324fdc6a9dd4da79ce70525026ceb5377bf3f3f78372c07792e6bba4
Industrial/image_0077.jpg,Industrial,5,4caeb7c0608f280eea87db15c502d31fe71d526b9d9376ff224028caa1b891fb
Industrial/image_0078.jpg,Industrial,5,81cdca289853f3e401c8b456fe436a9dc4c846cb70c4934ff40e288fe53aaf89
Industrial/image_0079.jpg,Industrial,5,4bfcbf7a110faee717ada6d3bed33141403caf8da52187482774635a5b7c4d0f
Industrial/image_0080.jpg,Industrial,5,e78e4290ef072ab31cef0b7189937cd7a20ca9789487e4e158786df8310ef63c
Industrial/image_0082.jpg,Industrial,5,76a18d8eed4aaecc885613cb46c80520ec1d54205442bc9c81e353d826186283
Industrial/image_0086.jpg,Industrial,5,2a40d1db6005350e2aa0b38a0bf8eb4d2308d4e400d3529266d2bbe2b9935bc4
Industrial/image_0090.jpg,Industrial,5,c59049dcc9e043e606250584245701c04829eefa26217c1070bfb3e6a447acf9
Industrial/image_0094.jpg,Industrial,5,559575a283bb799b111cc557cc998f7d1afb8bdfe8639fde6fa3351d3b41be5f
Industrial/image_0095.jpg,Industrial,5,98869adb76c5a0c97b3acb27fd3807471439ad08cd79edb72396825a1f94bf73
Industrial/image_0097.jpg,Industrial,5,12d53140c550f632b97e6e8fe607c0b76eea85b7ae3ace7987addaf604ef2b17
Industrial/image_0103.jpg,Industrial,5,23ccb80c9289f1e59367960271a63bb853adc7f31178fc7f29f569a34a628018
Industrial/image_0109.jpg,Industrial,5,d5acb93a1de1e72eea9cbb75edb1741176c85a549bf9e383e9a99a36ae36c7c9
Industrial/image_0111.jpg,Industrial,5,3be5416b1336a536efbc3144d343e5ed7c4ffec09a9d647e44617932d42db545
Industrial/image_0112.jpg,Industrial,5,5412982752a2e8c7282993bba13ad02caac1e0a9df0e91c5e9b5528f382b7dbf
Industrial/image_0134.jpg,Industrial,5,9d7377be8d5b16f0cc391118071f1c98d014ce9d7203197631774f4caecb4955
Industrial/image_0136.jpg,Industrial,5,fc06a0e13b45ad93a9640f57b1ee6b02f8a8ecd8b2b8486d1d17f463231ab30e
Industrial/image_0143.jpg,Industrial,5,5aa28f7a9409b31e3d9bc216bc14234f89a53fa4ab85fa70a25976e239cb95aa
Industrial/image_0147.jpg,Industrial,5,44a63976a0d2777e60592912eca4fdb725dbce6d7f963e23d9bf133f2b237308
Industrial/image_0150.jpg,Industrial,5,c0d5e192e279bfc4e441a1f48eed79e96db63180c4ed7ae257477aa71d6c279f
Industrial/image_0151.jpg,Industrial,5,ee7a1d9333833c20c39e2dc0e091294cd81d9ac059bdc8cc56813f5f672ea23d
Industrial/image_0159.jpg,Industrial,5,b081b277cc68679f2d46e79aff7e6b7dac593e6d02720b3e900317d467cd66ca
Industrial/image_0171.jpg,Industrial,5,ba240b114e0c7f3fa01ad7b6b8563e7c31b96495c969d7aaaf1ca9f864ab9410
Industrial/image_0173.jpg,Industrial,5,6871650d75a1042d690e29cd6af94569f31e9e38c54b8ce96a3d747c5ab8ad7f
Industrial/image_0183.jpg,Industrial,5,64e821c4a139c99a7be54dd21da63232a91880e3546a6ea28dad4e05fd54bf94
Industrial/image_0184.jpg,Industrial,5,710dd3257906f70beda3429b635ebe073218fee8748dbf7077d8428b14b85b30
Industrial/image_0186.jpg,Industrial,5,a35b7d07940992892842606c58479223e8c1e88b26466b43b6826ceb7a050a2a
Industrial/image_0191.jpg,Industrial,5,d6dd3e34bbaf16fbfe313cfd7cb5d56211901523e2f2833ca829d80f5b781f41
Industrial/image_0194.jpg,Industrial,5,28a458bc5fda5715683eca8d9b7622458cda8795891ef79a15a98838ae360b5d
Industrial/image_0195.jpg,Industrial,5,45b6d10c2d973ee466bf33e78950b023e8cdb18181c148449a6bd8ee0a43f481
Industrial/image_0198.jpg,Industrial,5,9cd1971cd599d7d0f6fdcf1dc96e4b7f83a3683d54f004252f983926d73ce1f2
Industrial/image_0200.jpg,Industrial,5,fcfe7fe995bba930341085ca27e3502651b5f60969564dac5d7eac197a4d5a31
Industrial/image_0210.jpg,Industrial,5,7da7d46a724ca67e5cd73a0479385a8be7206600f63d6fd660905a882fecec80
Industrial/image_0212.jpg,Industrial,5,8a59e1cdfb3de2a6f24842690519832b87e891584856c739b179a622d628adfe
Industrial/image_0213.jpg,Industrial,5,3fb23b4182a1e4e04266ca00d3708ac6a22d5749b67c4f22fd59acbf6e15d0a3
Industrial/image_0217.jpg,Industrial,5,aa58bf9f4e2893dafac383336877efb389fe069161172e1691ec9c39926929f0
Industrial/image_0227.jpg,Industrial,5,db62f7084dbaddfc940aef3802af8d1f7eff726653ae56585938cd40e828ac14
Industrial/image_0230.jpg,Industrial,5,974c3972578f6097ff3ba45ebef9195595831689142654f2babc75719e51b36e
Industrial/image_0239.jpg,Industrial,5,e9bc220ea05a0b24adf611c456fb18871d8b9e95293b721c5e2cfafea0cb796b
Industrial/image_0249.jpg,Industrial,5,d9c1728fc9343985d17d510b9b9cf193407f12bfbb08446225478df6fc283d9c
Industrial/image_0253.jpg,Industrial,5,41e5f2ae7a4f09e9ea17d8124b9a886a531cc4131bdc4fea11b192b580a461cc
Industrial/image_0257.jpg,Industrial,5,bbc9b165a6613d6a87d76015e6f8a1648a47f03e55cd09d8591b57abd9d2a0dc
Industrial/image_0260.jpg,Industrial,5,ee75e08932229fbe6e99f65831b83607d562239cb0d87228dbada130f32dcfa5
Industrial/image_0261.jpg,Industrial,5,0233713a3856d4c072f1ad20de5c21769f36a2b7f42cf025933925cebb1e9580
Industrial/image_0265.jpg,Industrial,5,1b18c846c1345c8fd64c68817e355a20926f858c879da5fd820de7319f63260a
Industrial/image_0266.jpg,Industrial,5,cd84f29479f383c6292ea96a1bb6a643cdb35b85620d2e6cd3a80a8cfac683ba
Industrial/image_0268.jpg,Industrial,5,d5d4b37cf7834716ae52c9a18212ccf3520964386e67a0a2a80548efd81d0ae6
Industrial/image_0281.jpg,Industrial,5,3c3caeb2f8c9f959bb42a5b483d365232cdd1a5629edb506104fcf891558cbf1
Industrial/image_0284.jpg,Industrial,5,b990822f5b7106fa2e8df6b170d9ddc03d2757da7383430fe6dacf86e824a09f
Industrial/image_0286.jpg,Industrial,5,c4ad2a113c3059f23675b7b23fa7fa61181f6f882e9aac92aaedb0ba46b44a8a
Industrial/image_0288.jpg,Industrial,5,2982b0c6812c27d33c3d9b5fcf643968f9eeb3d7385bd17877780f43aabe8770
Industrial/image_0289.jpg,Industrial,5,4d7394c32bf4c4b2f6ea546d1c03008372cd25ce93b7df0292257b18bc5e7a43
Industrial/image_0292.jpg,Industrial,5,a4c6123c7446d9ed7fdd99b1172332c2ab2936480ce346d28850d3364286e0d8
Industrial/image_0301.jpg,Industrial,5,16c219befa0a45e5e1e2da10ed3750555545dde37bc17eb6421b561b93cdfa13
Industrial/image_0302.jpg,Industrial,5,b34c4897a0287c481880cc4e90964f92ad66724aa46a7a509bf074d0b70cfbce
Industrial/image_0306.jpg,Industrial,5,63ca58af262c82211824ac343edd45c024da21e908a6a983b05bc4e75db278c9
Industrial/image_0308.jpg,Industrial,5,5ed01c3cc3ecbe50bf482ddb590eb65d37426a27961af3f3a455f9b4aed97c2d
Industrial/image_0310.jpg,Industrial,5,2d756a38691c858a9cda5504865011a112ce1c011ccbc29e746a10e602002590
InsideCity/image_0001.jpg,InsideCity,6,61451fe74d1ec40bcd093735652be9e5d38342fe70583c5b4149ead5aff8f03e
InsideCity/image_0002.jpg,InsideCity,6,ef003e945b5cd97731819f9dbcd9d92be35bb52adbc39b937d1ea99b9c417c66
InsideCity/image_0003.jpg,InsideCity,6,84d2ca1336584f7fb5810ecb70dab37392028bf5e234e4a5fbe75d146ee308fc
InsideCity/image_0005.jpg,InsideCity,6,fd3c67eac04cf0329cf8b3489252cf9b6e1a3b51a082c8c28f8e270faf132d13
InsideCity/image_0006.jpg,InsideCity,6,7bb9f25329e1a1e49c356fe7aeae2696ced1087232422745ec4845708273e2e4
InsideCity/image_0007.jpg,InsideCity,6,45884e91ffca36ffb1e927bcc27b1b0d04c31b94ed641b75b3d9838e9f7ef29b
InsideCity/image_0008.jpg,InsideCity,6,47fc7e0afb44da25468011103889f908d11181118243fede04984b17a04385aa
InsideCity/image_0009.jpg,InsideCity,6,c8fd65fcafbe68eba5f4ae5520f2eaaff58dda91fa32c0ea254790827182aeb4
InsideCity/image_0011.jpg,InsideCity,6,0a7257df3aa9e661fbac06ac68ad330b31fa7013fdadcd2709236c23210063a7
InsideCity/image_0012.jpg,InsideCity,6,f2bf50e112159e8330fcc585522c08fc07fe6938116015288d7a1ab6c542d7de
InsideCity/image_0013.jpg,InsideCity,6,794cb26bd6af558e0126162c652fca4abde861d0f3ca0768a7c7eabd0ac3afd0
InsideCity/image_0015.jpg,InsideCity,6,a6fd2b9ddc2cf58f82453b5954cb0702530542dcecc694e6446cc3553c99b899
InsideCity/image_0017.jpg,InsideCity,6,05b425d609e261119f71e994084517202cc67bd00d52589cfffa61918051e6c7
InsideCity/image_0019.jpg,InsideCity,6,0950a4d175f0e03d9206ba48a6373590965adf034c00576f7d47da07dcf132d8
InsideCity/image_0021.jpg,InsideCity,6,93e1ed95c8d02c1acd5a6e23b7b12f586218d56d8ef1be30dcb676f77811a45e
InsideCity/image_0022.jpg,InsideCity,6,e3645323b1082d7c52c8e39b92849bb8f0d1fce1ec97388b6b0afcbb9d5552ba
InsideCity/image_0023.jpg,InsideCity,6,3687b4954fed8c3d53a49c57dc746bc4ee4fe3eb1ffa9d34297370a4f350e11a
InsideCity/image_0024.jpg,InsideCity,6,4ec81f7c6fd11da52322d8adea322c67152f88403b8697cd665ce7d705159ed3
InsideCity/image_0026.jpg,InsideCity,6,797b6cb77c3325af09f7a9543e30c4acf5ac0c32013d749d2606cef52a7b0550
InsideCity/image_0027.jpg,InsideCity,6,ca223af2a6e1094b1ef7b6664a82090c469cd4ac7d09b6a4c2b6e7ab4d752b63
InsideCity/image_0028.jpg,InsideCity,6,ec64fd3f8f4b4ba4d54764c168bef876d9d0719f7ead84b2b8c2c543b51b3874
InsideCity/image_0029.jpg,InsideCity,6,b36dac65b9666aa5d690ae08b86eb6c5457cfd7c7ba6b70d323dd8496e532364
InsideCity/image_0030.jpg,InsideCity,6,59b5a0babe56e78856535eaa666d2da03d650bac17de79e0141b796d8e3cf705
InsideCity/image_0033.jpg,InsideCity,6,69f67d5a1bc28ccf65c39df55339d1d1c88674bb03aec4d7bf42608a3452f436
InsideCity/image_0034.jpg,InsideCity,6,cdd988a878e8b636325343a97cb3e12a4abf9181df54eddab1ccec108e9b0c12
InsideCity/image_0035.jpg,InsideCity,6,8e9dbdf41f9858b92144d74fd3ece401a151d2b3d0b66cbc21907212fa46b0f9
InsideCity/image_0036.jpg,InsideCity,6,27f1a3a6b919c54f8a332d90c541f69c348b6550943ea74caad13f14632456d5
InsideCity/image_0037.jpg,InsideCity,6,5f092138460f39494ba16eee4b2748f4e193b994d1882e9b17c0038131bf5a8e
InsideCity/image_0038.jpg,InsideCity,6,e1228488ba45df7f3b31ef39fc2719a9db71b5936c83d28ed35da51c07a9ce51
InsideCity/image_0039.jpg,InsideCity,6,2f1047b593e16b66c23b58de8951a24cba1259e5b97f0c86a2ba4055eb2fc9c6
InsideCity/image_0041.jpg,InsideCity,6,f620772ee36a8ba107b5a43804ef0d241b788445645be17fb315c8cfef3e92e7
InsideCity/image_0042.jpg,InsideCity,6,dfc238431dfe8be681d67302f2f9a46b86ecaf6a4db2aba771bd2381053d9871
InsideCity/image_0043.jpg,InsideCity,6,4c8c3245f12fc5996bbb1103b18a4caade56080da296b589c3f34801a1d0321e
InsideCity/image_0044.jpg,InsideCity,6,890d6b4a108b9bdacaee2b0d1f9d7866fbb068f8a8c36d3224491f862847ebfd
InsideCity/image_0045.jpg,InsideCity,6,d4a7bff9ddb2f5edde32ec1454e32c67de4c365bbc92ae25c55e21375c398eff
InsideCity/image_0046.jpg,InsideCity,6,6b504ef1dac3d34c2bbf7a658c5400096269f4df902c96269718bb2b2de72157
InsideCity/image_0047.jpg,InsideCity,6,a5cd6eec2861c481d37503fa21a5a01fbfe7374a387a9465c32e0f017765201b
InsideCity/image_0049.jpg,InsideCity,6,d9b1189b5e80bc711773eb9fcecd777c397893b72a8d05035d04d8951019df58
InsideCity/image_0050.jpg,InsideCity,6,7476c1625518d222f187e6660bf4bdf710ec02181eceede06c5ecb8366deb853
InsideCity/image_0051.jpg,InsideCity,6,dcc6b67403c9e7e06d5d9a01a4b56376e2a7e5d4ec3cc367b2fc41146ef11e92
InsideCity/image_0053.jpg,InsideCity,6,dcef18675dda8715b9727afac8b2491537988fdf84e9498719e3331cf3b67af5
InsideCity/image_0054.jpg,InsideCity,6,dbc4727a9c730ab91b85fbd467fe459ead68284edd8a851f3b19e5a49c3e5646
InsideCity/image_0055.jpg,InsideCity,6,dedc6bd18d1ebc58c4eba357686c400013832d2ebca7658e2607fee5656ecde6
InsideCity/image_0056.jpg,InsideCity,6,6965192456035549140ac5140dd4fd96f148e2a835a89eec1d04baaabb6cbc1b
InsideCity/image_0057.jpg,InsideCity,6,9a41a3bd8ad965218e9b75c418f420104d326b63314390fc0caf271600e8445e
InsideCity/image_0059.jpg,InsideCity,6,338a5d4171d68a565c826bb220277532e75c4971d3165c6eb092e7d3d9c1706c
InsideCity/image_0061.jpg,InsideCity,6,ad86acb9d9a155cd26bd1abef7c206bbdd24de811ea93866f7dc9485ed1187e4
InsideCity/image_0062.jpg,InsideCity,6,cb05a969f5a3531c01327a06f091dfc8c01f6ea08ead1ea60185254149f66aea
InsideCity/image_0063.jpg,InsideCity,6,8713681a7368a5acb501288a649a857dba0f462baa39bcf750f7150239446add
InsideCity/image_0064.jpg,InsideCity,6,912bafb21755cb1784f132fe285938c6e12c63eb9de4b713838c12120f99c3ba
InsideCity/image_0066.jpg,InsideCity,6,e18e8175a904359076b879eadd96e5ed4fa17b5bf75778a5a362c4401327fd6d
InsideCity/image_0070.jpg,InsideCity,6,8e227144daf5a95678381affbbd847587a3964e7b70c6e671cd2c7dfaf883404
InsideCity/image_0072.jpg,InsideCity,6,69360f8ce1213e951deb906b07c7814bc07f95b5aa3f8e2cf37d70c73870d4fe
InsideCity/image_0074.jpg,InsideCity,6,3b8463e7331d2790335412273e9e80dcc4d6ba29359d2f934029267b53dee872
InsideCity/image_0076.jpg,InsideCity,6,cb50a4e82bd8c385ac7a78998baaeeac9581ffeadd7b5f42f6658324f1ab9ce6
InsideCity/image_0080.jpg,InsideCity,6,84f5d683c531c4a2d217f3f69d4caa5bd988fcd79ccdfd3b08e13667c568088f
InsideCity/image_0081.jpg,InsideCity,6,dd8f7211bfda3c10b6c0453f805dd1ef483e91e1c899f4f77cfc910690155b5c
InsideCity/image_0086.jpg,InsideCity,6,f3f8dfd43722ba1ea9c0ed8764c0cc443f3c22a10c8539c898eb57ebef371b42
InsideCity/image_0090.jpg,InsideCity,6,c1e6044f46b91794e6d2723a5e9288873e007b76c748683cf1bd144a22f416db
InsideCity/image_0099.jpg,InsideCity,6,2df14177d75d634fde8ca5f011930148395a681c06ef4b6f260a2017b457a8be
InsideCity/image_0102.jpg,InsideCity,6,5dfa055713330f951db741f946324b9debe11feef33755fdcb06dfaf399ef998
InsideCity/image_0106.jpg,InsideCity,6,40e52eab439ff335f65b40d3dd0bd8062e129a569182378887f14e245e4f6447
InsideCity/image_0108.jpg,InsideCity,6,bab852a7690375247e420c1bbd542b7838925de39e4cef9cee8700a547265040
InsideCity/image_0112.jpg,InsideCity,6,e7865870f0658088a99c972afcac3705c409a98716191af9965be314ba75c31c
InsideCity/image_0113.jpg,InsideCity,6,dd9e05211ede1a4606312af7716d07eb962bfd879ddf6df7e434417ffd5afaa1
InsideCity/image_0114.jpg,InsideCity,6,a3031ba42bdb83659ece1890bd55e2430206454d884fb5ed3924312bf72741c2
InsideCity/image_0116.jpg,InsideCity,6,a53a8a647580991963b8343aaafbc16a5d656689691240a72f0aa417141b6050
InsideCity/image_0121.jpg,InsideCity,6,cc5e99bf31f81664432ba27f587c36e7074e0632bfcd0033859c9ea5d61397d4
InsideCity/image_0136.jpg,InsideCity,6,93b9faae99eeb8be264a08f4b25f07a7623a31c76cf6031f9f40f8258e49de4c
InsideCity/image_0138.jpg,InsideCity,6,975f4013918f6d22b62b4f0d0d16458384d0b7bd3d7d44b882b7f44ecddfa4fd
InsideCity/image_0143.jpg,InsideCity,6,72db10ab9c2df4a7af19e2512f300a05e805de794d95e584efaef4a2f327d8aa
InsideCity/image_0144.jpg,InsideCity,6,44fbfb4a8a3feb64b9ecff7aeac0af2f7707732085d0f4b2a080279579f8ae4a
InsideCity/image_0147.jpg,InsideCity,6,a40175a7fc523c9317686b5924202c8132f28d47f2dc362b2fe44d99b9b9458a
InsideCity/image_0148.jpg,InsideCity,6,eebe3adbbc0d7adbcaaa33895316a1dd118540d8e37bfb24d6d0978aa023d352
InsideCity/image_0151.jpg,InsideCity,6,ea0c2ea67da498e112d5e75d9e23f0c5e06ad22ca0da3e2d3ffe9b04cd01712a
InsideCity/image_0152.jpg,InsideCity,6,fc28dd7130a0f14cd7cdc776973016f0edafb9ea9929791bdb312f6881e12546
InsideCity/image_0155.jpg,InsideCity,6,cefd51156dc575881dfd8437811632f4c28daeab169193308a1d14ea39302aa4
InsideCity/image_0156.jpg,InsideCity,6,56304fddde4256de43af4cd0c03074953b1cad2812f9d33ba000635e48b669ea
InsideCity/image_0159.jpg,InsideCity,6,d16a12fe87820abdf834a34aa0f1cad550a7eda6e567e5643e31ac330b779a59
InsideCity/image_0164.jpg,InsideCity,6,36a6995009ada51af3fffcce017f590e85621bb4eb58a30aa397f5e461fe942f
InsideCity/image_0167.jpg,InsideCity,6,7b896a9b416db15cec9ed8c8ab506a3b6f4ec18190a7e7b3ac0e3ecaffbeb285
InsideCity/image_0169.jpg,InsideCity,6,47a18d72412313d4e53f94fd044c910a5d48b43a1b13e623c5446256d1393a6f
InsideCity/image_0172.jpg,InsideCity,6,7fc95accd885d7fec2886bcef4a047be65cb4a5bf49bbcab780956fdf7f7f0d5
InsideCity/image_0174.jpg,InsideCity,6,df2b2ca2623c3dce787775d3da4a86d40835c76f95dbb0b73129dd2a53be7254
InsideCity/image_0180.jpg,InsideCity,6,5a1a261d44d4e5052d5834340a85e8b1d91e89671136326f15e854d46210c927
InsideCity/image_0182.jpg,InsideCity,6,f455c6d35ff0ae008b58fc4fbf0bdb983a5ec3e3cff806a9863b112118ea3cfc
InsideCity/image_0183.jpg,InsideCity,6,16e8a275182d6bbef33fd9cc07d2680220073e5dd3dff77e1ba44f78c00a0d46
InsideCity/image_0185.jpg,InsideCity,6,e7738e31d5718652b1b41ca8573185127510e5495afe3683af6226498d7f0d95
InsideCity/image_0199.jpg,InsideCity,6,bbc4568395293e40f2f7d9147a7ce135dc191e3c5cfe5daba9c54cea5ab29401
InsideCity/image_0203.jpg,InsideCity,6,6f351249671e948c1bf7f75d61f0c906f1c1b53eaf899cff57ef9a4cb0bd5027
InsideCity/image_0211.jpg,InsideCity,6,60515509e724ddc295b4f219e7e59fc8b0d13704be43fa543d3e4c15f056c758
InsideCity/image_0212.jpg,InsideCity,6,7ee2b1dfbc09e22df98c024f5788fd1d7ac9171087a8860139113a36fcba7f1e
InsideCity/image_0216.jpg,InsideCity,6,5450c9e3d8f5402906d66a7a3cf7a3d7e766f5a43576f9d1122d551fdc0caa5c
InsideCity/image_0221.jpg,InsideCity,6,b546a478582dc2a98235e76add50edd0bf18fb1d0af908be6a3c55a964fcfc9e
InsideCity/image_0226.jpg,InsideCity,6,17ce9a7e6dc100a6a052126abd6f4141910124abd568c2afc132f4da91bd5f36
InsideCity/image_0227.jpg,InsideCity,6,c7ad7608cd7899b128cb5dfdd826d60d420e0a4d026b998256a1461532d50eb8
InsideCity/image_0230.jpg,InsideCity,6,8792e07e06e0b91881a3cc4e311264d91f8c9490a447b1beb8d7f49045d8ee71
InsideCity/image_0232.jpg,InsideCity,6,5296428b9173962339e4c7e150938d5897264f139ebd5a6fc51fbb794bbe0433
InsideCity/image_0234.jpg,InsideCity,6,9afc9675dd882701b6113ddd2a516a9e81f1aff29411ae39d9f68ca4583758d4
InsideCity/image_0236.jpg,InsideCity,6,8dd2c19749d35cbbe4ff78164ba677b63c8f18ffd77a8f493afe7420c9590f79
InsideCity/image_0242.jpg,InsideCity,6,490b08a2ee50ef973ccd6a68b921deb661b5a2a5539914e1ab57640af4078e93
InsideCity/image_0245.jpg,InsideCity,6,103f7e72300ee169b1b061d93a122f6ffda8f82e5814ab0a626bc86159c30699
InsideCity/image_0253.jpg,InsideCity,6,4a12e61fc86652968c6f8c08732efb45b6150e8f7677b716dd1eb70bd18eddd5
InsideCity/image_0254.jpg,InsideCity,6,c4fe210a609facf26b4d21ee08c0903b2b1d9a6061174720fa0c407c36d29e9c
InsideCity/image_0258.jpg,InsideCity,6,792ce678cbe8efc020ef718d7c25874956965b106b01a220f679c158220dcd1c
InsideCity/image_0259.jpg,InsideCity,6,cfc37591ae511af4a23494953ba2134d66d4b470385a4a5af39e7fce7d6f0f4a
InsideCity/image_0260.jpg,InsideCity,6,0c3b50b6d53bb3b6aee243917a5256d445a15c2ef8fca75c065068e902b5c858
InsideCity/image_0261.jpg,InsideCity,6,d4ad996b32689c70d64f1110d08c1a9728757b50bbe830f5d371f477238c9a83
InsideCity/image_0262.jpg,InsideCity,6,2a4845f60e444e456c9889f35504b9862b7a5afc8d321aeb53d5a7388f669124
InsideCity/image_0264.jpg,InsideCity,6,05ae71a36632034591c4e8df46d6b1dd355ef422b39a9583f735bf1f2e32e3ad
InsideCity/image_0265.jpg,InsideCity,6,60ada93861b6a80c4847edd642d26819bec43200dee63c1b65020f1c5392c007
InsideCity/image_0274.jpg,InsideCity,6,98e59b2ed56f733b77367b675d9232475ca46f0b2b16dd471e8c7fa8e62887f5
InsideCity/image_0279.jpg,InsideCity,6,0f57a0c9f489a3fdeee426fb1fd2d78d15e632a4b3d30c151f468d48f1cab76e
InsideCity/image_0281.jpg,InsideCity,6,7c5be4ce3b63c8cfbc065bc59cbe5f4dfcb1538d68b673faabc813bdf404b58b
InsideCity/image_0290.jpg,InsideCity,6,602c6f3216948d42ff947b1655121c887357218e9c15a7e640bf2ddf7189ae22
InsideCity/image_0293.jpg,InsideCity,6,b90223a7f9f3e55c34007e062b4c7218fc5d6cc4ad17be54a3fd588b79745e35
InsideCity/image_0294.jpg,InsideCity,6,96db0cc075afde363f3464a31ab29db7ec7185d2287ba7bd8a53417c01d0a998
InsideCity/image_0295.jpg,InsideCity,6,0fcc7d431f8dca479a8a1a33f220dd9725daf30b9050c99bda493a67164503c8
InsideCity/image_0302.jpg,InsideCity,6,3ab87ed27eb9448ae4f90c28e2a2ac5915e69cf73512f7ad0d7cebca8cff9f37
InsideCity/image_0308.jpg,InsideCity,6,67ec42b51de11b92c68911883a609ebe10975f5fdbc42132d555b0111d174e99
Kitchen/image_0001.jpg,Kitchen,7,0da6740b831b04f5911c130e1bcf049df3e4c2744d7960d4e09d07804d346ace
Kitchen/image_0002.jpg,Kitchen,7,98c95c9e83a1a91625dac05a763f6c92cb72b1d4e83032bdb2941af1d2fc8a27
Kitchen/image_0003.jpg,Kitchen,7,398fa36f112f06037f4293e91fb0f2749e1a06e2c66037e9a0a90561c51c7c6e
Kitchen/image_0004.jpg,Kitchen,7,2943e85c8c5c1b4c6cb99a63decdb3737e67f35271346cf14d42c9339b3d402a
Kitchen/image_0005.jpg,Kitchen,7,ee32edfa55e3689bd32ce030898a864255fa023cf17674a36219c55c3f749235
Kitchen/image_0007.jpg,Kitchen,7,4f6a844b1eb487fa766864eab67a02acd8c4c1b001451c71dc2b1c2c50fe87ff
Kitchen/image_0009.jpg,Kitchen,7,a8d7ec4a57929435385055a25db842f64e8ab68b36d33025ea457827f9789558
Kitchen/image_0010.jpg,Kitchen,7,37ef0405e860cbf1b8e7665448212d2603118b730ed347b853a88df8dc99783c
Kitchen/image_0011.jpg,Kitchen,7,51db53e4b91febce0214bbbe010820300c302fa9dbb27919dea793293c8abb61
Kitchen/image_0012.jpg,Kitchen,7,869e13dac04e1c91d24362f00500e6ec301921ce6ec964eb236d56024f16ba6b
Kitchen/image_0013.jpg,Kitchen,7,be0a04f32105a6049caaaf1799739f011db4d8ef5bab1a90cd9d3f4de87cd24e
Kitchen/image_0014.jpg,Kitchen,7,77d60bceb33448a767d22520f0ea93727f66c01b2ee0004556eb434a56af06d8
Kitchen/image_0015.jpg,Kitchen,7,bc48bbc52cc29cea261538be45324c145f11caa96994817b7aa37c0e01f6ca0a
Kitchen/image_0016.jpg,Kitchen,7,f6adb054554783f6f8de101f4bd03611d65e19497731a9a8c091a81d23ea4dab
Kitchen/image_0017.jpg,Kitchen,7,fd16df8f01138af392bda440db6fd79b96749254086119c50cd737ad3b8cd013
Kitchen/image_0018.jpg,Kitchen,7,6adb136f716d3e0eb17020fef30162e5013f204df7325a0fe77821baaeea03a4
Kitchen/image_0020.jpg,Kitchen,7,f12347a04d3458c010cb5b1feb9f01696b7efdeedcbff00dc313bd52878b9ced
Kitchen/image_0021.jpg,Kitchen,7,7781a06e15ff85c4ff671481eb81f6a44111d4eac08165d60594cbec5dcc31e7
Kitchen/image_0022.jpg,Kitchen,7,1883a9118cff7bf1f1bd706a2e5f49602410f352486989121ed3c5ac30446846
Kitchen/image_0023.jpg,Kitchen,7,72757abc987d0fccbc6754e2ec9bf617a84d06f199ed4114e5674e84f8b1368d
Kitchen/image_0025.jpg,Kitchen,7,6994c0db64e9b8ff78d6ba55332d3a96f0ba98854522d120e7052b763e12e743
Kitchen/image_0026.jpg,Kitchen,7,0fdb8fc0e73dcafe376f9a3edbdcd0121e361fb9f19b77de90e1b2bf201db1b9
Kitchen/image_0028.jpg,Kitchen,7,b43d03cb873159822c12bbce50003b9fe148019be9a1795c860cfa6c4b23bd63
Kitchen/image_0029.jpg,Kitchen,7,b4d0c9899a3f40628180d585cb275d114ef668e186d7fed2e656bf5d36fe3a69
Kitchen/image_0030.jpg,Kitchen,7,d54b83366164e9fe6a8d2ee887a65583fbcf80abfb55a7d38200f2f89ce80d23
Kitchen/image_0031.jpg,Kitchen,7,dc244d95db9b37ab811ec7800a53281f9a2ab30c7e023b5733e6d488e1219211
Kitchen/image_0032.jpg,Kitchen,7,b3ed94ed3b41ed9f3f3083892c3451aa15f739adea5e1654b9b78206de09b98b
Kitchen/image_0033.jpg,Kitchen,7,f1530687b7707cc3c1b1cbb083fe45d80b07aa948fc41365b08e77de0b8047ea
Kitchen/image_0034.jpg,Kitchen,7,9cea749b9843a62e26a536a23d922fcd9c75d5a4e9c0aa2a647812fb6edcbaab
Kitchen/image_0035.jpg,Kitchen,7,078073c639e0f34669b8fb81c8b036357e42fe11b245874189c3fad79ec4e315
Kitchen/image_0037.jpg,Kitchen,7,98782cebcba5254ee52dcd83e3bc4990113e17372aef9ec112b7ba8f275c647c
Kitchen/image_0038.jpg,Kitchen,7,7175ae3913e76ec6c07e7dd1c7abf36d1001ae0e046953249e2f55aa44a9ec30
Kitchen/image_0039.jpg,Kitchen,7,b7010b5f9f943917d927527a4ef4a30ed1bf07ef587347a5bf10f4dcb06e2f88
Kitchen/image_0040.jpg,Kitchen,7,0fab73fab1836210f6e9ad60bf7c9f83f337a3b4914e7b3d4a268197af539abe
Kitchen/image_0042.jpg,Kitchen,7,337b11a8274dbb5bba37d8830d243daac66e3b654d6f0203b866ae8ed58c8276
Kitchen/image_0043.jpg,Kitchen,7,7460a2cb0884b0daec3d765008de1f6629f4df35bf5edf7bfc311926373f6b57
Kitchen/image_0045.jpg,Kitchen,7,2d10aba1c0d07b23888b94906ed79c9215b27e64d427bac3d166b5cec4de35d4
Kitchen/image_0046.jpg,Kitchen,7,6a120dee39385d7c9e1a89c6feaa62fa6144900345a097ae87b05090161f8794
Kitchen/image_0047.jpg,Kitchen,7,8fd0c89c57dc6b93272c358a969bfd034024d15b68236bd14946d73f2d7e0a05
Kitchen/image_0048.jpg,Kitchen,7,ef1a89136f881a686ef73ad594f1f57312bd3753642b04dff2f7da725130da48
Kitchen/image_0049.jpg,Kitchen,7,8438152b111e1c80aafbd7b168d30aae261fe4d83d7ba240d485e923b262928d
Kitchen/image_0050.jpg,Kitchen,7,adbde70628738871cb38fa38d22f42f54bbaee0b0cd8b78f833e7603431c805a
Kitchen/image_0051.jpg,Kitchen,7,b95173b978377c6f76bfeef3cac6615f5acca67488155dcfacfd77f1481fb88d
Kitchen/image_0052.jpg,Kitchen,7,dc825f834eb3bd85fba85f9f719d09a9914954c721f09f6c8f66b6575f9c6494
Kitchen/image_0053.jpg,Kitchen,7,5b6919851ac7bc67c9dd829241da83f09cef3996f02ec952c02059a7d25472bc
Kitchen/image_0054.jpg,Kitchen,7,e65e0a0de3c86ce50f9c4a23458f18e1af90ae234f5520f3f7d6fd2d13a91c8a
Kitchen/image_0055.jpg,Kitchen,7,563fcf42350c4d5a8a8920b67627441b7e4ce78badfcdd392e926edbb4463782
Kitchen/image_0057.jpg,Kitchen,7,5eb27beee9d79cadc8fac7c6997491308128d05613a5ce64f39007cddc942bf2
Kitchen/image_0060.jpg,Kitchen,7,2e07ae60506ebc433c4b79e0832072773c5471f30c32db0d8f52257754e3c728
Kitchen/image_0062.jpg,Kitchen,7,a26a7979805457dec0c0f38bd39d4b94884fb63344759893a02c70114fddf697
Kitchen/image_0063.jpg,Kitchen,7,7cc600f338dd9f4005752b43a90e53c24e2da8e2485d5a97c4af0e409be9c1ab
Kitchen/image_0064.jpg,Kitchen,7,6b2b999e0fe67c15c1648a3019960177f49e0fadd462d1322aa0cf79e712428b
Kitchen/image_0065.jpg,Kitchen,7,9a6d445b48e2ced3f9adb0666ccfd4a2c47823dd31020e47006621b2e6174f80
Kitchen/image_0066.jpg,Kitchen,7,c06dd27aaed41f4fc76b29f55c6efe0b90c590a0bfd2e06422405150e8ad379c
Kitchen/image_0067.jpg,Kitchen,7,9c7fad050f0b7e99e285e9dbe8ae85c8ca8d85582bfea5a5999525ebb41f0e25
Kitchen/image_0069.jpg,Kitchen,7,8e697eb069e93be5cc81d7b30846bc86ed63e013ca7212fc0a8234de9fddd79c
Kitchen/image_0070.jpg,Kitchen,7,74212fae3b8372a1bccb8e845184861bb37c4fa49c98a71e09f1b470b1b48fe8
Kitchen/image_0072.jpg,Kitchen,7,88f71360e9a1754d5f25391a92152000f1506304daee7e7a175699fa2cea96fb
Kitchen/image_0073.jpg,Kitchen,7,d6a1ce639c01a722710a7dd87e2b12d8e55b08222c0067c679d80ab8f139622b
Kitchen/image_0074.jpg,Kitchen,7,cf7a70d3062836c8af35454f6d10149dca210ab71cd9b5b1001cd6aaf42aa1fd
Kitchen/image_0075.jpg,Kitchen,7,d2ed67453861fade6d867e38271dec9352054a246e6a2ae4d4377cffb359acfd
Kitchen/image_0076.jpg,Kitchen,7,2574a9a5dccb8f96e30ea30a442085f35841c4638018112e73e00fe5f14f4a7a
Kitchen/image_0078.jpg,Kitchen,7,4824160710a0044254c115de7ec6742dbc05364f6d1d332836c4fdb80a9ba5ce
Kitchen/image_0079.jpg,Kitchen,7,2d67bed30b47ff3a4a78625c2e436950ada6fbe77f62041152df9aae6239ebcd
Kitchen/image_0082.jpg,Kitchen,7,4a1228a80375cc88e1f591ae6e08828145a763b742042b416021ead8096b4f3d
Kitchen/image_0083.jpg,Kitchen,7,c7f8903c994f794653f17214b9999d8921b09eca9e04410c128076451f6f8fc1
Kitchen/image_0084.jpg,Kitchen,7,70d04d71bb1696da78087efa9952879ca889e8465374d764e06832a8820f0129
Kitchen/image_0085.jpg,Kitchen,7,f5996ea05859a3981a2dffeca1cb2353eb078686018d867673e4de9f2fda0c77
Kitchen/image_0087.jpg,Kitchen,7,f171805f56d2ca52a702329a41d948c04e51ec8d9a14d8d5f36a441336333a76
Kitchen/image_0090.jpg,Kitchen,7,c6f0a2ccb6a55af1618422b11251fa84f8d789c6d434a92f4030e808f329096a
Kitchen/image_0091.jpg,Kitchen,7,a53db727b01cef3567269fcca70b814b6edc603b732c12ad86ede45820741417
Kitchen/image_0092.jpg,Kitchen,7,60a791c88d05439326d38dfad7975b95985d85d8681bc7bdab94248884f82581
Kitchen/image_0093.jpg,Kitchen,7,0a354fe66a28f4f9f5fe083c1e2f1c6fe3668c049330dfd5700f2e303d7f9464
Kitchen/image_0096.jpg,Kitchen,7,e371d0fa0bc3036f7fa95af754aaa469124355aefd30bd6745c87ef187642a11
Kitchen/image_0099.jpg,Kitchen,7,81035b8a26c22922d86cd09f43c2794a2f9128202e928652e8ab9bb8ae304d8e
Kitchen/image_0100.jpg,Kitchen,7,3d1a120d33480518de252fb53962bf8d79519d3a7dac3106e8997b7afa321e99
Kitchen/image_0101.jpg,Kitchen,7,064d1954ed4b73118b4418fba7274cf530b5b5d1519ff271e88f7ebc05488fab
Kitchen/image_0102.jpg,Kitchen,7,5829b49dda148b1cbe26acfb8806e8a41b76d14675964245837fde2c76aef79e
Kitchen/image_0103.jpg,Kitchen,7,b75c9e31be8af3220f14094062480d8947d3615dcf805785079e2db588094e80
Kitchen/image_0105.jpg,Kitchen,7,a4c2aa5a9c51776cc5e2aa4c64d07215eab4ed6601ec9141f5b89a3e8b5f74a1
Kitchen/image_0106.jpg,Kitchen,7,c132a94081d217fa92151fbdc2de5c21a0bab1803609ed8cf2f1dc140159adff
Kitchen/image_0108.jpg,Kitchen,7,1fb3fcca4f8c0f40206636e3241a860dcda4a4ed33628995ea8f237c5165f92f
Kitchen/image_0114.jpg,Kitchen,7,2d90230af2259b72d96329a589dbb4d4cbb76f0b0c2aade82029088753acc115
Kitchen/image_0117.jpg,Kitchen,7,b278c2a836db3144e21b51c45914873052685e8e7bd6e00919b3ef4fc19f9ced
Kitchen/image_0126.jpg,Kitchen,7,cc756c130933c43290326756beeb7a85c725eb9a28e6e987d7afa7c214e08128
Kitchen/image_0131.jpg,Kitchen,7,61bcd66dcb033068a6abe9f708ab7a5ae4306d30db49ccd82509685ff699a0c7
Kitchen/image_0132.jpg,Kitchen,7,54981505db796254a6f8fe5cf5cb7638fd1a23c79450a49be94ef1ab97242a3a
Kitchen/image_0136.jpg,Kitchen,7,b9f155591b45bbc9eb2d42bcdfcb7f1145c525bba9aec00c21010baf193c5b68
Kitchen/image_0139.jpg,Kitchen,7,0c703977a706a4aa0fc41fd3e8c0b5be4a9ef35681e8ca432f9b54ee2f746193
Kitchen/image_0140.jpg,Kitchen,7,68f8d7acd3f2af1861deca44ae8cf1f35153477abb7bd03455846c33ee36561c
Kitchen/image_0143.jpg,Kitchen,7,73410e6a5f2afb89a60764be937ce86120c242a9f0be3daa27a157c35b62aefc
Kitchen/image_0144.jpg,Kitchen,7,636af320b97166077c4dd29e8fdc8fff131fb650c376a0179d0262f4750302c4
Kitchen/image_0146.jpg,Kitchen,7,f5b2d39d10e57033bdce8e940e94d16b90eb1aab1da100e3dab785cffa125270
Kitchen/image_0148.jpg,Kitchen,7,244d5370454597a7af2d4c6091c7cc97e08024e5d4470f0b3d88b5baf1f85d3e
Kitchen/image_0151.jpg,Kitchen,7,e8d18ddf26ade60c7fd85e6487dcbe1b0ad49dfe026ba355df9c9d311e010105
Kitchen/image_0152.jpg,Kitchen,7,cb2ea7a36532bff4cfc070cc2dc0ebb938862fe6afdaf4a332d496754dff393c
Kitchen/image_0153.jpg,Kitchen,7,7cf794811f2258498e2ef867b50b579d3d26de8a0688492d5526e4c9d5ffd066
Kitchen/image_0155.jpg,Kitchen,7,69894ed141ed772da53ea37c86053323c7375936c72358f2c216e7e395ba7698
Kitchen/image_0157.jpg,Kitchen,7,a693369e9ce3b15b91fe43f7f9898532ce19dde13ab44cbb61c68499d4a85da5
Kitchen/image_0158.jpg,Kitchen,7,55d4394d964638489fc2d6fcd9fb39619603a197a0d41d86ad7d127f6ca48bc8
Kitchen/image_0161.jpg,Kitchen,7,7a2398e712e26e5f2bc3ef2892f94da9838ae5f6d3768d52a02946f9881b47e6
Kitchen/image_0162.jpg,Kitchen,7,718c5ab6892efca5266355cc713040060756497bc10a99994803815780ac275e
Kitchen/image_0164.jpg,Kitchen,7,cce2ebe2a5046a8df7ec1c75bd2c7f9d52851274709f0c72ade94df365c8dbb6
Kitchen/image_0165.jpg,Kitchen,7,2ef159d9b964c7c4b552748d609d65b36b040dc43e149d19eb48e60d78ee1b15
Kitchen/image_0169.jpg,Kitchen,7,0124cc6d434252d1a1ee762b114984313d9b63eed03418aa089fd465ddbc56a8
Kitchen/image_0172.jpg,Kitchen,7,55966ab49b7cd3b757583b2c591f763d7b4306d8588a5d01038ab7fb515192ea
Kitchen/image_0174.jpg,Kitchen,7,674d72d13830450ffede8b23be9baf723d447f690216e5b1eca1e0e9772a8cd9
Kitchen/image_0176.jpg,Kitchen,7,13086dc02bd7080a632efba5405ae22986dc8b61820c2dfc82b33c502b0eb05a
Kitchen/image_0179.jpg,Kitchen,7,04344a5377fdcbe9b942b824c2246cb9dda007ea1de91327cd7882e06523776a
Kitchen/image_0181.jpg,Kitchen,7,2f7ed5475a20b61998f503e8eeaa5e48b06072c8b13a541f2bf32038d486b38a
Kitchen/image_0186.jpg,Kitchen,7,d1d4ad0f7e9c66b0d3487a47521ae9916bd75bf5f17e883466cdac4190d8aedc
Kitchen/image_0188.jpg,Kitchen,7,4e698e53b8a46c357a77f02397b7b585d79c0884ebc7fb885eb4f1e1d1536c17
Kitchen/image_0189.jpg,Kitchen,7,9eec7b014556a99f324a818215ef9b54297403ad193fa7918580d3f2941387ad
Kitchen/image_0191.jpg,Kitchen,7,aed0fd895f604b049a7842282b16efa95aadad79c3c26b981f1326de61a4bb01
Kitchen/image_0193.jpg,Kitchen,7,76fc0beb6fc7f2678d6aaea467edd00ff0cf8e504578bfa27da60e3acee4cd78
Kitchen/image_0196.jpg,Kitchen,7,afa60bc3738bb9babc4687908ff792829e0fb05e5a781f29aadecf6cb4c4b665
Kitchen/image_0202.jpg,Kitchen,7,36b7173f41eb1afabe7cc36bfc874ae76b934efa41125abab033463e4f85b973
Kitchen/image_0205.jpg,Kitchen,7,579984a9155f40f05ca5ea1046abb66fcb251466152b37f8c5fb470c575a6036
Kitchen/image_0206.jpg,Kitchen,7,e84bd5ab65847a2a6176414ac086249a2fc63a0ff90b10e5764615d8b08b6fac
Kitchen/image_0210.jpg,Kitchen,7,7359a61bdf1be66655c50115c25fbd6a834504124f31dc911568d977fea557b9
LivingRoom/image_0001.jpg,LivingRoom,8,080f1fe6b424dd260d20d833eb6720afbf2ca7a69022b650dbc8c98cde907c3a
LivingRoom/image_0002.jpg,LivingRoom,8,1a9180877284f90b80520ae1f4ae93791f181fab9feb620751bda43e3be8e3e6
LivingRoom/image_0003.jpg,LivingRoom,8,3d5d29fb2ee0e8d4e9f7868798477407d2f83426989c51f58ed8fe82e30df296
LivingRoom/image_0004.jpg,LivingRoom,8,42f8966de6bf9bb8ea57580bdf29b91d1205c5116422f0f03ef4c284a0a8d2ba
LivingRoom/image_0005.jpg,LivingRoom,8,559c8d49dde7da91b1e620d01eccbf013afc72a4f56903e311a9283851110755
LivingRoom/image_0006.jpg,LivingRoom,8,b12e20a02691502097effd47ab46bc356459c70501d5c17c9760b48b35ce5210
LivingRoom/image_0007.jpg,LivingRoom,8,624c01e25c5294d2d298662c1f70a332b10cf5b8e5232d75bce00aaaa395bc2b
LivingRoom/image_0008.jpg,LivingRoom,8,9c1ff642faab3df8ceab12304e0c7c723a27136c5ab4438a885d404d475bf9cd
LivingRoom/image_0009.jpg,LivingRoom,8,cb8ad2654a57ba3418162a9b00808d2f25f8b0ac166935241d46e0ca3fd22798
LivingRoom/image_0010.jpg,LivingRoom,8,0ba1ab4e056e2c8f63a4c383691ed2fd17a8850077f419b474b595f085fd9b4d
LivingRoom/image_0011.jpg,LivingRoom,8,64eee8c103f941c3d5efdf71aaa11aa91b7d271cf8151bbcfa99e14f80fb706a
LivingRoom/image_0012.jpg,LivingRoom,8,7d33aab9cb842222bd99255154af80579286baad5bca3b5e74effec197ae63bc
LivingRoom/image_0013.jpg,LivingRoom,8,51b3853c445afca92c51cb8c62f7db59ed1fd79ac358566b0d211d45ac112c66
LivingRoom/image_0014.jpg,LivingRoom,8,0f68cfc49980dc9bad913ecb5b8a14117bfb85fb9a20bc0cf556b35e91805252
LivingRoom/image_0015.jpg,LivingRoom,8,1087910e550687fde43083759a5a527b4aa9fe627e73479916635c17ce187a4e
LivingRoom/image_0016.jpg,LivingRoom,8,c9c90e45dd8a412890c69849d8ffab0084e94278adfd7441277849060ba0abb8
LivingRoom/image_0017.jpg,LivingRoom,8,d822631e50b726603521de541f4dd209b4137515e262238ed78497e5c5e2b6ed
LivingRoom/image_0018.jpg,LivingRoom,8,5dbdb4e866eb4b62982a5ff0fef0ccd4a66afb71b9482d03113313ccfe701718
LivingRoom/image_0019.jpg,LivingRoom,8,2f6ba23f9150c4f17b47b0a7b52662733ab0115a074b8a89f84efbd1f965e430
LivingRoom/image_0020.jpg,LivingRoom,8,463eba71e977d31ce7355dceeccb2bca15602ab977ee28d4eadcabbb9598ccd6
LivingRoom/image_0022.jpg,LivingRoom,8,af6cf593553f333efce922ddbe3de1345fd0fb8fb4f5073646bd04d7dfa61785
LivingRoom/image_0023.jpg,LivingRoom,8,90595a3969e2ff6bf0d2c494d9f5b6c0cbb4bbb974ccb8d1bef8908eedeee19c
LivingRoom/image_0024.jpg,LivingRoom,8,74bb1a594e592d0c2e3a2520dda2160311205971cff159eeb66a9aa6438f14df
LivingRoom/image_0026.jpg,LivingRoom,8,f35f2be0bfe1be48118def853ccee349b392e3f793d04da7a5d54b9b01f99980
LivingRoom/image_0028.jpg,LivingRoom,8,3d5d29fb2ee0e8d4e9f7868798477407d2f83426989c51f58ed8fe82e30df296
LivingRoom/image_0029.jpg,LivingRoom,8,b20a29a52075801f4d3d51e026cff44a505308a85015828563ea85566bcc8d17
LivingRoom/image_0030.jpg,LivingRoom,8,42f8966de6bf9bb8ea57580bdf29b91d1205c5116422f0f03ef4c284a0a8d2ba
LivingRoom/image_0032.jpg,LivingRoom,8,5260832699d7bd11790a4a7cb902e3da01897b05249512eefd519b1962370837
LivingRoom/image_0033.jpg,LivingRoom,8,672b9207080e5c201b4206469ae1e4503ed572a054f15a0625cdc242f8a10ac9
LivingRoom/image_0034.jpg,LivingRoom,8,559c8d49dde7da91b1e620d01eccbf013afc72a4f56903e311a9283851110755
LivingRoom/image_0035.jpg,LivingRoom,8,8e4f647c082d8005dcfd99208cae9f7c440fb8b05f8a24a7b92ffa65caddb107
LivingRoom/image_0036.jpg,LivingRoom,8,f71e2cdad6da872308fd9b7a734196e48528f767bee96841986d4ddc230e7e3c
LivingRoom/image_0037.jpg,LivingRoom,8,7086fc9b6db4fc6a0621677a597c4132a38ce284ff39b5c09fe77cd8e9332863
LivingRoom/image_0038.jpg,LivingRoom,8,70c72a7cfe2df798900e02c2f67232462b758a77d15dacae400709abb9d6c67b
LivingRoom/image_0039.jpg,LivingRoom,8,f79675ddd466e8c2ae4e181fef79b8b4901f5004b031a6c63cba551a60279ead
LivingRoom/image_0041.jpg,LivingRoom,8,e721115b593e0dc4491e2bc7284021dc832487a9936a982ff00e74bb7e6593ee
LivingRoom/image_0042.jpg,LivingRoom,8,6348cc8861e5e7fb471b5b1355b0b6a74a630b844bf8a5c0dcf008159888f671
LivingRoom/image_0043.jpg,LivingRoom,8,df1d4a588c0fbbcbd47a14a911c09bcfa6871edb265d742a4e6b09e9c0c43df3
LivingRoom/image_0044.jpg,LivingRoom,8,c6435638e58c6d014c3aa3edc35d0276d0ba7f26df0f6759ede656b266f7c86e
LivingRoom/image_0045.jpg,LivingRoom,8,5f6f0eb7cc1f2b323d7428c82d284e04db20062bb48da70d19e7e73ef2860be3
LivingRoom/image_0046.jpg,LivingRoom,8,baa4314f7402560962eb175237854e1d4a9b99dd80c87ec03f7e6ef7cd861b07
LivingRoom/image_0047.jpg,LivingRoom,8,6f49cf4bd97cbe5ed3a1c87808b97e766957f1dc53ea6242afb7f15d993a8b9c
LivingRoom/image_0048.jpg,LivingRoom,8,6fb0ae1ec17e3b35ee2bce13510bc2bbe71874cbb2f09f44ef9e48850e7a72c0
LivingRoom/image_0049.jpg,LivingRoom,8,e249c9bc07408ed40c75992b38be73bf0c81ca797f6232cb475b891fdd846139
LivingRoom/image_0050.jpg,LivingRoom,8,a840aef9c1c08fa73342b116a06603bcd13983d2a5766dcc35879570d2d24254
LivingRoom/image_0052.jpg,LivingRoom,8,ebf079167273f9486107e2a314a27b3c40f31e5a79a0df54d514b242d0ce0c1f
LivingRoom/image_0053.jpg,LivingRoom,8,9028393a64972a937e0886797be9061efbea513a605ab03694a2ffe61d64a58a
LivingRoom/image_0055.jpg,LivingRoom,8,40cdf60c9c21e284a8c691227d4f4b8242ddd61aecb16d0b3b39de6d85d0e2e4
LivingRoom/image_0056.jpg,LivingRoom,8,f0a0289ee29a61ee563e39d7a06f23f906bb6b16d16424429add64fd7324fe9c
LivingRoom/image_0058.jpg,LivingRoom,8,f6aed2126c6cf03fed44236a1132d79ef8065da1f38a1e199635c2fbd2944a0b
LivingRoom/image_0059.jpg,LivingRoom,8,94bd8dbe838008b4492fa0459e934574a40c2b1151ba4df4c2acd1891a9b704b
LivingRoom/image_0060.jpg,LivingRoom,8,2564928c4148b2f4bb201d4d31357398c9fed782bd33ca57091f004e6195fb08
LivingRoom/image_0061.jpg,LivingRoom,8,aeebe7856e567720a16ce74f63d2a4f7d4cd09933eabace86da109ad993bcb95
LivingRoom/image_0062.jpg,LivingRoom,8,32bcff2281b4f9923d117fa2d29cb273e4da993e568bf01a9600716bed53f8c3
LivingRoom/image_0063.jpg,LivingRoom,8,79b15616120727f25e553bbc1a2a9544b109df62d14dcce1850a6878e4a2ced8
LivingRoom/image_0065.jpg,LivingRoom,8,638d481deaf500137f8095b4d396c39a6398566ef11cadf123037b32bd5a9630
LivingRoom/image_0068.jpg,LivingRoom,8,7f278d3d7ba1abfaaa00371926cb1117a2febcd8ed4a8f014d778b1296dcd84a
LivingRoom/image_0069.jpg,LivingRoom,8,918e5b839af5bc444a35b84ce5f7df78028a0cae1468407877c6c112fdd37864
LivingRoom/image_0070.jpg,LivingRoom,8,8737a8a6f6eacac237bddca7bd9421a8a184cff4cd2422267c73e4783e4a03cb
LivingRoom/image_0071.jpg,LivingRoom,8,5d49966ae35e92af029520c0d14729471c621850618f5a8d3a2378e6670afc22
LivingRoom/image_0072.jpg,LivingRoom,8,58c3430fe260a088fef09d3e5945e4790dfe8004a10483fcc04a80c14906f429
LivingRoom/image_0074.jpg,LivingRoom,8,481cb9f4204895d12a2dce3233fc8cde44f429ae8dd2f6ecc2339a37a2852554
LivingRoom/image_0075.jpg,LivingRoom,8,12c5e3f03d1bc2ad0165f4ac7300e7265701f3d48d6140b32e8fda2ee11bdac3
LivingRoom/image_0076.jpg,LivingRoom,8,aaf10bd39113e088ad8908e80df455acefafe7e9aec2c0e857876300bf382ad9
LivingRoom/image_0077.jpg,LivingRoom,8,f95618ac8dfee21feccba6be5de116e9ff40070646730007c9b8c0f28d8365e1
LivingRoom/image_0078.jpg,LivingRoom,8,2db5b7056ffa3478fe06937eb0f431071dd2889650d8996a848efbae271bc623
LivingRoom/image_0079.jpg,LivingRoom,8,22c0ccfd927370d61ec8d42b590f1638c7fd394f629b6cc8841898fd4b085f7f
LivingRoom/image_0080.jpg,LivingRoom,8,39c23ffaa1439d27c3049d01474f385963a66960446e1a4b03b03ccc3ef64a56
LivingRoom/image_0085.jpg,LivingRoom,8,b8f63b536c8ae1ed0f180fed858e226734b076422b24d78cd07a48a722385bb4
LivingRoom/image_0089.jpg,LivingRoom,8,092eb982e85f7e16a7324755e0d5cfa69f701a6f83ee417fcbf22c40b835fd39
LivingRoom/image_0091.jpg,LivingRoom,8,63d17cdb6e099317b2555e459c9390b8de45be9541747d9c153188ad20481681
LivingRoom/image_0099.jpg,LivingRoom,8,1c895fefe4a999b681a087a4a69858d66eafba7574ff7cefb79537a8ea1053b2
LivingRoom/image_0103.jpg,LivingRoom,8,09362a615fcfa44e4ef14b638a61ec54b87e5283792b76fb738db1c05658002d
LivingRoom/image_0108.jpg,LivingRoom,8,217ae978f70c88fd2a716ca8f797e4b4044bffd80e88e002d81f8db1eb294882
LivingRoom/image_0115.jpg,LivingRoom,8,948cd0a768a062f9ec50f541a9b586b0bc286d223f7abd4870bb6f15bce98878
LivingRoom/image_0118.jpg,LivingRoom,8,c8e76233c1ead8f65c6bef824f8f7da69b58ceb289a04fd741bafc3774eaf1ae
LivingRoom/image_0125.jpg,LivingRoom,8,41eceddb29df8e87ad9dab8c2caba3538ed93e547737371485ffcb758bb98775
LivingRoom/image_0127.jpg,LivingRoom,8,7ac4bc0e4e4dcd3139232f9d662c0069220fbb872ac9fa61845cbc33afe210b4
LivingRoom/image_0128.jpg,LivingRoom,8,3f2571f4fa5da10899867a2de79342346338e11ee4737a1252be8e84c9481418
LivingRoom/image_0133.jpg,LivingRoom,8,753f62d04a13956cc9d39a2b3a8e98806c9294ca0656360036e02ae4ba49813c
LivingRoom/image_0137.jpg,LivingRoom,8,e1d0c8c868e28c5cab543669d1725949ff8bdedada4d42c7ba445b1bf897174c
LivingRoom/image_0139.jpg,LivingRoom,8,643df82b6ca51cae2cd9c9a147cc6c9ffd2888c2057adaac36bf2b4c1f6bb9a6
LivingRoom/image_0144.jpg,LivingRoom,8,50ccaa79ef6e497a9022a4aeb2cbef6082a84bebe4c0bba0290a61e6d3b576f3
LivingRoom/image_0149.jpg,LivingRoom,8,018347c175b62c4d5e94c613a16365a67d904e366533b691a4c08d680613c7e7
LivingRoom/image_0151.jpg,LivingRoom,8,3c6e8abb4404cdcb3b8182f89b48ba8a4bed16ff00d5f61e0daa9a6d31f794f4
LivingRoom/image_0154.jpg,LivingRoom,8,4cfab9033970eb277b07f52af582055a6d6638fda217759e7af62c7e864f9f0b
LivingRoom/image_0155.jpg,LivingRoom,8,07c8a97dc1b8f7e5e1e29c6f9040a0f3cc1404b6624be6650253e4e17ca9ba1b
LivingRoom/image_0157.jpg,LivingRoom,8,89de3a4d3cb8cba4a12140710b75aa6810817a254ed13469e14e12192adf2e28
LivingRoom/image_0158.jpg,LivingRoom,8,aa159ab3248e85608297377cc323ece87bc5375d9950080fef7a9e4072cd4d10
LivingRoom/image_0162.jpg,LivingRoom,8,a43735015565e03da2646e70b0180c1ff93413347419f5ac3ba6601d61539462
LivingRoom/image_0164.jpg,LivingRoom,8,19b7d547cb516edb824d35e54445a97b47b0f2227b8eff8d3ab1ae0521767ba6
LivingRoom/image_0165.jpg,LivingRoom,8,0b4135b16b0e0de21f7e3a1d7df7c85c0e6f368a8eca0f2f6a6435308e41998e
LivingRoom/image_0168.jpg,LivingRoom,8,af4f481fa68b1cdaf54b5b3db95f4db672c8dbc15d62aea283345d1292575bd9
LivingRoom/image_0170.jpg,LivingRoom,8,2198b6440cb08746eef0ce0cd0d490869b362f178aab670dca3cf444c7803ddd
LivingRoom/image_0172.jpg,LivingRoom,8,a1df3a60ee0bb342d0e090730f428fed2e8d83fada1b8916187a984f6ce38798
LivingRoom/image_0178.jpg,LivingRoom,8,f7f5b74bc90c7df997fe04cf26f15cd3e869653fd087b4dae646e13a21ac001f
LivingRoom/image_0184.jpg,LivingRoom,8,307b3880733fdb2b45d7153d1848ac6e0f900d446a7a13592540b301e30ca2df
LivingRoom/image_0185.jpg,LivingRoom,8,cd676fe417bc325ae7a63add52064849d59627c78f2cd45854d7a1650f59dda8
LivingRoom/image_0188.jpg,LivingRoom,8,d3f0988e005f15092f0ba8b14740e28a529d2c48bee31fb5e28877a1d34a51dd
LivingRoom/image_0193.jpg,LivingRoom,8,0614da6ec89babeb01afe62451fba2d81a1241748a4dc3042b8ff6402516e8f0
LivingRoom/image_0199.jpg,LivingRoom,8,463f93297b5b1fcc013600f9404e0c13c47f228f40ac2d6bcfd13c175f76df88
LivingRoom/image_0200.jpg,LivingRoom,8,6a9327de4bd66d513bb671b4962bc095d6fa9a1bdab67163dd223c050545c0dd
LivingRoom/image_0204.jpg,LivingRoom,8,7997626885ac2d136d97fdc74b5a25a8d3b3a45f3471d485b7c18dca71b83405
LivingRoom/image_0208.jpg,LivingRoom,8,480a862088b6a0180cc14feed41fdea32a7f77435327363cc4cbc3240f483ec6
LivingRoom/image_0209.jpg,LivingRoom,8,c2efef043f6429a44ca83a12c7b48defef0a69cf39515f40c277120219fcfe1e
LivingRoom/image_0211.jpg,LivingRoom,8,480a862088b6a0180cc14feed41fdea32a7f77435327363cc4cbc3240f483ec6
LivingRoom/image_0212.jpg,LivingRoom,8,b4c46235c8e22f3bf4b3e49bb10fb83f7f3f7a20df0c41be2cf50a4e7ff81a66
LivingRoom/image_0220.jpg,LivingRoom,8,f22b88273d5d8c33bb87bae05c1878ea032e136810884157f0c3cd4242df643a
LivingRoom/image_0223.jpg,LivingRoom,8,77985ee3f9a6e7e9032c641855bd5da21c5d1b7030ede9cf60f3c8a29c3592c2
LivingRoom/image_0231.jpg,LivingRoom,8,bb962827d828cc169c78b754348862e757998db218563483ce23f61c2fcb4f34
LivingRoom/image_0233.jpg,LivingRoom,8,77cdbd64321cf1eed475dfa60bc602d2e4c0a47e7fca64ee2567e5b95221ed5f
LivingRoom/image_0236.jpg,LivingRoom,8,ab5f4d7a2dbcc94a0390a2163f3c731af9446b0c18db3d98a6f5d2ea1a5fa01b
LivingRoom/image_0253.jpg,LivingRoom,8,0bac2c453af3c6e6dd5a4c5bce95c1393aa080be54fea6782bce20ba244450ae
LivingRoom/image_0255.jpg,LivingRoom,8,333181e0d2176a1a99aa67efc2da0bee012a9d054aab75dec4a0fbcfc21a4aa7
LivingRoom/image_0258.jpg,LivingRoom,8,2b567d868f46fc3608a1102d9fe7182a3847aa690c05b063b23a34104965eabe
LivingRoom/image_0261.jpg,LivingRoom,8,07ebda27650708bc37ef325da93afd237c81c0f2d7a1efd564fb928b4a13d9f4
LivingRoom/image_0267.jpg,LivingRoom,8,59601fe114502b832f2d543bab5e2540ea4257b0b35aa3f41d3086a97da3d9dd
LivingRoom/image_0271.jpg,LivingRoom,8,4a417a631126190f744855a69f389bce6363fb2ce40888fa733b44a3977b4a01
LivingRoom/image_0275.jpg,LivingRoom,8,0409d06293fc32785c92108c8ea305f2f6793ce4ead3d09f11c2eaa32889ef55
LivingRoom/image_0281.jpg,LivingRoom,8,0b38361177a362f5b37bd22c2cc0eaf513bce7497b781343d29ccf469b4a44a2
Mountain/image_0001.jpg,Mountain,9,d2fab404e0cb65ee137892c6926e2a18d32238847b45f2cd6f79bc2bab2ea0ef
Mountain/image_0002.jpg,Mountain,9,d894142718889a4d157f1501ef3491afb91215261cf6d5eda8787f190afd5f00
Mountain/image_0003.jpg,Mountain,9,65521d04daa285e0ba56d379f0c175acc3dcab27eba38c1cc1bdf687b1b0029f
Mountain/image_0005.jpg,Mountain,9,6f0dde11997668a9793a920db39b881731cfe8e64a242232741caa5f997421b3
Mountain/image_0006.jpg,Mountain,9,be5deaa29b6f8d94081e4076fd0e39035eb4ee676c487327d256e88daa7889e2
Mountain/image_0007.jpg,Mountain,9,e50e769cf9de7912b28b1d72bd434fff492409dc5bd6579ac27245e46073e8c4
Mountain/image_0009.jpg,Mountain,9,fd9cdbcb2ffd2741700cc3c702f21eb8074964dcc2d72936daea5897270f690e
Mountain/image_0011.jpg,Mountain,9,dadbd924ed2c23033725080bda2fd82730db24c537c535c3eb07ab5a3dffe3f0
Mountain/image_0012.jpg,Mountain,9,f4616a3e622599f6037aadb610e55f71099f7390f608fdfa833cc60cb309bf22
Mountain/image_0013.jpg,Mountain,9,77437289c0f8dba7282ee2535068a6793cd2ae8a22426acbfdff266e290b43b7
Mountain/image_0014.jpg,Mountain,9,aea6a80b4319d4b1ce75e2b090bf53e3a947d9b0bad7ef17701b31bb0b9053d8
Mountain/image_0015.jpg,Mountain,9,10782d8fe3b6667e216e06292ef2a35c4011b92c9fda3831793fd54d0d62aa17
Mountain/image_0016.jpg,Mountain,9,99407a8c3dabcf8547d6567c98f9f0a70dcc0b550e5a52058d618eff11be4ebe
Mountain/image_0017.jpg,Mountain,9,c288d1a130af6a2cd0c5256cb58e818cf92c5f84557717614fc5128affdf63d7
Mountain/image_0018.jpg,Mountain,9,ba3e1e68095ec74970e4cc2251fb9a655ef2e3b0f09bfd4086ff91a943ba3a06
Mountain/image_0019.jpg,Mountain,9,9fe5b5fe13803992aec9b40b2d400e06135954d42e1898c1f87c0d8eae118ead
Mountain/image_0020.jpg,Mountain,9,2fbb9d3a10cf6445e0888b768ba22a7d2bed1c4fe4e4902f7e5b6f3b14b6232e
Mountain/image_0021.jpg,Mountain,9,6111ba294e81196286d6e4392335bbf0ac43eed88ffcfa0534a2d1c203e0d84b
Mountain/image_0022.jpg,Mountain,9,56f83024c58272dcbda48f508640f2bdfa8dd54d3563df30953434ce3ad5ddb1
Mountain/image_0023.jpg,Mountain,9,cba8205a244752d6dd3672c06be2b751758da3ff515ecb2968e0e24bb52591f0
Mountain/image_0025.jpg,Mountain,9,0a4093a97d90dfd5ee41b06e96ecd5e7814c249f50674517a0ad3034b9fbf729
Mountain/image_0026.jpg,Mountain,9,f673235a080249accd4a6903924270a02cb4330f757b297a687f96a817c74f78
Mountain/image_0027.jpg,Mountain,9,b344613269af86058fda95916b520af663d2ca484f6983e34d176301e965329b
Mountain/image_0028.jpg,Mountain,9,908d7b401aed63902c8afd4013ac9298dba50a92d0de7f69f4c34a7fbeb9cf5f
Mountain/image_0029.jpg,Mountain,9,fc9331f978cea33fb49042ef684f523a11a102f33e2b758009d6c02524997c5d
Mountain/image_0030.jpg,Mountain,9,e873401383f4d7289c8c037f684ccbc266b4c559e89ebe16618d2da5859c91b3
Mountain/image_0031.jpg,Mountain,9,e71d187fcfea00dd72ef1851f69ccd74859243d5dd05e878453c517b145b1ac6
Mountain/image_0032.jpg,Mountain,9,7f7adc1f66958b14f74f6ff544b18d67911dab66daeab389ea41bf1844a642a4
Mountain/image_0033.jpg,Mountain,9,0c53dbe6cbf6fd3b855aeaa260e44943ff1aae0605f7bf91a81e64f24641f5fe
Mountain/image_0034.jpg,Mountain,9,32c173ce471c1cfe51156554915a031101f089a5f4819c3fb48668ba13cda27a
Mountain/image_0035.jpg,Mountain,9,f39e33d9a1982a89d0df17acb84a49c625ddefb3bcf39e83dea245e3bf9b90bd
Mountain/image_0036.jpg,Mountain,9,19229d47aa0a5daeb8c6b1c3d5439bb0f6dfe3c27e93c7f35b6218f8e717df28
Mountain/image_0037.jpg,Mountain,9,88eb3374452c3274c8a08260fc814bc7811f09ade32fb4a8aaeb50fe6fbd701d
Mountain/image_0040.jpg,Mountain,9,b14de9723a8d3b5c195bb2fb0347a7f90130387a0ef9ac81c8012de3924ebff7
Mountain/image_0041.jpg,Mountain,9,7cec1c483373d1f8a911492bbdb5d88e4d5dc016c6cb5c5d0b05344a5370e157
Mountain/image_0044.jpg,Mountain,9,c8bc469bce516372678b58a2276003bd05438021c538f646701679233ef7d8d0
Mountain/image_0046.jpg,Mountain,9,273ebb85d482fce005d31abc031e566825ecb192f9e4ffce81eff9e1eb212326
Mountain/image_0047.jpg,Mountain,9,715c7d79d895741e34d9ced57e31c397ff10da396f647f53bf62ba4daca5930a
Mountain/image_0048.jpg,Mountain,9,bf72cfe5e9eb904d1d59f576f8c1468de9042570a15b8e26e6115bfd8eb57f3b
Mountain/image_0049.jpg,Mountain,9,23cd7f02ebe3892d38189198223a24e9ca0298e98f0974ce943794c4f0ec35b3
Mountain/image_0050.jpg,Mountain,9,3861f0843019b12c90fd34f65bc46b4c35161d36c1ca9452969b258e1dd00efe
Mountain/image_0052.jpg,Mountain,9,fa8b849c82f7173430c62a24f8c48f02d4df7d2cc92d37bbd0bffeac77d9f668
Mountain/image_0053.jpg,Mountain,9,bed83099c4700ef6f77c2185eac4f4ec6f1eb2673a26e9432ba23041a68dadd2
Mountain/image_0055.jpg,Mountain,9,7edf4cc55f77e1dbb539e0e4c63ecb2f1fef099bb38a5a32d65d623eadff1f6c
Mountain/image_0056.jpg,Mountain,9,c3364e42def3133dc328533577f71d9f958ce5fa5ad7d5cac2b00e3e6dbe7cfc
Mountain/image_0058.jpg,Mountain,9,107aeb87967cb92263bb23353b69495b861c055a7e969c9071431d8382a9f413
Mountain/image_0060.jpg,Mountain,9,230cc3d0373fc403082de8a678ff3bc76e85d2fa4176b889061142d35721f35c
Mountain/image_0061.jpg,Mountain,9,87f068d7be0d48a9db1a0c7d196c93f56116667eebcc20429bacfd95f952b21a
Mountain/image_0070.jpg,Mountain,9,b46312f6048e434f762679507535aab866b49a61a5a7d2b40b81cde704b9d805
Mountain/image_0071.jpg,Mountain,9,959e51c12b478cf4c331dd4353f69a4bd18a6fab1a08c0b6008c25707e99f43e
Mountain/image_0074.jpg,Mountain,9,44ede373a4215e462502a882534d0c2598cf3a80778308b73195de15b97921d3
Mountain/image_0084.jpg,Mountain,9,e5b47f8d304e9f7fe48852a2701f65357d77c500187305db939417f89f259929
Mountain/image_0092.jpg,Mountain,9,1b9f2431a0b11bda7c46e1a9549ca62c68fd0d86e4ed94669ce0d4594fdc7948
Mountain/image_0099.jpg,Mountain,9,25d0baa5aea7e7dfc45167da1edd7cc9bd4ebd8a4c247c0724b4d86118f592a3
Mountain/image_0102.jpg,Mountain,9,acc8281ca1a54c55f3211257c61fa12b64d866cf5d6fbccae49064242ddb26a8
Mountain/image_0111.jpg,Mountain,9,a8591747676c07aa16f1d4a2dc5649fb7d80d9bd20d819aeaa7dd17d1f4a4b28
Mountain/image_0116.jpg,Mountain,9,3d45ac38ec0b985d6bbaf36aa3181d6af7b0f856b3d69818081ab3f58d821c2f
Mountain/image_0124.jpg,Mountain,9,cf0660336d09ffe5d19edd35fd0810fd8d0ec668a4e6d4d84494005d21621fd3
Mountain/image_0125.jpg,Mountain,9,9b6f3529568597d6634e08f230191a824110e710db1c6c776b56a677699558d1
Mountain/image_0131.jpg,Mountain,9,f136a84d39146dd651ea363cec54b3fa75dedc5ee820fdff5e167133f606462d
Mountain/image_0136.jpg,Mountain,9,359c3f1738d0ce0e720225c53d10e7d79120f1315b7f6c66c3040aca1762fb6c
Mountain/image_0137.jpg,Mountain,9,8776f9c2513d1fe01e64ba61c7ec9677381332c95ddd938c7d839bcbe6966c93
Mountain/image_0138.jpg,Mountain,9,bfb427969a40c14ef8df2ae7ce7c28cf14e32e6a640ee36c3df7999b75ba364c
Mountain/image_0139.jpg,Mountain,9,8eafde326c2ce6a7f6e7b2118fd512050bea440a0a6c02c30eedfd8563d722e2
Mountain/image_0141.jpg,Mountain,9,5a4a88c058e633ecf4722a837c6f547971be001f26104a54885dda19585a6245
Mountain/image_0144.jpg,Mountain,9,84d521b75be13888f9adf31ce81345ebb7ac90637d7b6db3c542b41dd9e824bd
Mountain/image_0151.jpg,Mountain,9,ff578bb4025893c4352bd75e8dd76ce8ea7685aee0d47754e1aad1f3f23ecdf3
Mountain/image_0160.jpg,Mountain,9,9ab32e686bfc9601c5559238804830eb644d62d8ee74efe76f4bc89131ac4dad
Mountain/image_0167.jpg,Mountain,9,45bd37ef155f038092061b6b2023979d991d9039a60a60d29ca276efb0991aa0
Mountain/image_0169.jpg,Mountain,9,bd9fb6f823fa11511328cd9901858c9fb7e8f05fc6668d019e9c583ce2224857
Mountain/image_0173.jpg,Mountain,9,0b2130666624fd981847582cbdeb1d2edabdd268dbe0d5f9a3043d3461405d53
Mountain/image_0178.jpg,Mountain,9,86858858fbb81d29a691b30b36e49a4e6d0d9c18f727e53ad9a23c55e517cd63
Mountain/image_0179.jpg,Mountain,9,bea794a02414f0408bce76bc2362277733becbb7ae0c78bddc4cfb5c8681b739
Mountain/image_0180.jpg,Mountain,9,df9eba3462e39613be07b901abb032d4f68cf6d9de65a4e3845c9cbeb7f48afb
Mountain/image_0181.jpg,Mountain,9,67ec38532e38c6d208a77bc2d437bff657b75cab138240348f5c993eab6b8fe1
Mountain/image_0185.jpg,Mountain,9,86b05bd3aa00606c56194021c76604923c032912fb38e4900745a03353a8daac
Mountain/image_0195.jpg,Mountain,9,3ea2d3ab0070624307f1000e692f4e0396e26a5590fed5d723543faafbf6d4f3
Mountain/image_0198.jpg,Mountain,9,2ffb8c22f166848f3169999276824be12929d35e19b25c0a00ab8c48175296d3
Mountain/image_0199.jpg,Mountain,9,e857ef2b61befab1a96bc84fd106b610ddcf0090aa2407999fe2ff2f83d2ce37
Mountain/image_0203.jpg,Mountain,9,2c8d7268483fb5b280d16436bee9c890753dacb2cbfdf43ff2e288c3350afc2a
Mountain/image_0217.jpg,Mountain,9,c5aa23ef9740a8190912b2bfb907340780b08ef2d3327ef1e683616a557f2399
Mountain/image_0220.jpg,Mountain,9,2490e4e5cebb37cd25889b66e177cce3ba9bc5c14c8530e5761bd8049ca6956a
Mountain/image_0226.jpg,Mountain,9,07c0e53fabc112e0070c918b8e8129c1952e54231c8030c82bde1ba5fd2b9d48
Mountain/image_0228.jpg,Mountain,9,176f67f4811c971338a0dc0701fe813116e0e3aea1bbbd20016fb07d4a97b1d8
Mountain/image_0232.jpg,Mountain,9,594c05db3e7c95048fff5d50193d3872c4be17eff24bc3128540373a2c4c553e
Mountain/image_0242.jpg,Mountain,9,23d8e7f009d437fac7b1bd4eaf43721ed2930a05878bbc57b8a5819c58f175f4
Mountain/image_0249.jpg,Mountain,9,8a40d1bb8e1477425183c89c389f0fbc2729f0fbe57d15cc954a497b6bd5692f
Mountain/image_0263.jpg,Mountain,9,225e5640cd199d351b1aead190641f72825f2c06927a1b72721017720dbc4f4f
Mountain/image_0274.jpg,Mountain,9,d1cd4e3d418a5f5176a8b4cafc77fc9e451724a2617778709d42ebb928fffee6
Mountain/image_0276.jpg,Mountain,9,b48bb12863ebce2ffa4757ed49ef099b3f948fc8a08cbbbe1b6daa4474a4e3b7
Mountain/image_0280.jpg,Mountain,9,2dba9d2d9e1ce0bbeca82a55eb5d826ac09ae17289d5b609f76bf9feb5fa4c23
Mountain/image_0281.jpg,Mountain,9,2cc619b5acc02327f1fbfe0684eb38b0614fb498e9a67f92ef70dbd6d8c5709b
Mountain/image_0282.jpg,Mountain,9,25fafd73519c2c653e023669e419cb668d42c22306ed52cab8f2dd1493315400
Mountain/image_0285.jpg,Mountain,9,9ad238df2e2d28471e35256abfa093f769976498f5ae5fb8dfea842c1f8dc41a
Mountain/image_0291.jpg,Mountain,9,93e53128e38e973933c56cb15f6c0424367d844998fc5ca8775a34b814f7c577
Mountain/image_0292.jpg,Mountain,9,6d9c1b90f7c07e988d2d13cf8cb95813673099f340eb922f45fd62e96447acb1
Mountain/image_0302.jpg,Mountain,9,05fc2207577758f25fa5b217c8bf8b613e8bb1c551c7c321d4bcbc843c14ccfa
Mountain/image_0303.jpg,Mountain,9,8bfac52d95a72b5a09c1c5a04aecfff957f8831ff9f33ec1451f3b0be8c46410
Mountain/image_0306.jpg,Mountain,9,5c4edbb0587281d82cfcc95fb13825e52ea38880a01117ec2ca1c57c9e0077d5
Mountain/image_0310.jpg,Mountain,9,7e9f945d6f9950dde65d98c039cd342c29e68138c8b893d66236ea48bf06eca9
Mountain/image_0313.jpg,Mountain,9,b5ae41fd1b08e2447c19a6625fe627b41d161dbc148e168d7aab438429e07f79
Mountain/image_0317.jpg,Mountain,9,607b4951dacb19ed5ed6c12b13b2d3fade9955c9d4e6938ed9093b79024f62fd
Mountain/image_0318.jpg,Mountain,9,7ca5ce7038f5632e98b29cc1a830a7f24fb8bfa1eb684eb83ef546934c0df0b7
Mountain/image_0321.jpg,Mountain,9,2c10198976d7971df5f13998531aa0413e43667805c9a24aaab1ea347a5cc1cf
Mountain/image_0323.jpg,Mountain,9,9ff7e1435acddfac83b1cdb3d6c428840ecee15d49d8a04d6848ac24e9bb249e
Mountain/image_0324.jpg,Mountain,9,3bbba82d5452115593e2d7ec87cfd848d1d293d552de31a072a0901640f7c41c
Mountain/image_0325.jpg,Mountain,9,1b1bc2fcd3986cec81a88d165b27d9b00103322769fea161aca21044e954f192
Mountain/image_0328.jpg,Mountain,9,bdef2cc5f6c0635092fab412cb09164e2e9798c313c45519346afe18f173a2cf
Mountain/image_0329.jpg,Mountain,9,ac5618cf503579abed7fd871d1ac5755f4522f9278e8e24c87bbdb362dc5e1f3
Mountain/image_0334.jpg,Mountain,9,e4f20c75385e024083905ebbf40f4e1f39173aba37c99064526930ad6d202e29
Mountain/image_0340.jpg,Mountain,9,4e24df34b64fdad2ecd323bb06aac4a8dac843eb4bef295347082ebd4aeb8f2b
Mountain/image_0342.jpg,Mountain,9,ed9a9f53990260ed2305bced65eb072e6cbf828e4381aa45d32520a261e08546
Mountain/image_0343.jpg,Mountain,9,74a5c8b351b23d2daa957f9aee67a709441e136b7ab6eea3b918ebe8a5b32353
Mountain/image_0345.jpg,Mountain,9,7ee3b2a0590bdbd1a77e1972565755b9472943d88b3e3ee809a182b3091e1aff
Mountain/image_0346.jpg,Mountain,9,bb1aba03c0d201d391bb529b3da71af4f6ac42cf6aa9c453e46ae4781e0354c5
Mountain/image_0347.jpg,Mountain,9,19aac97f7a7e979aedcbda6dbf356f07e6bf441ced711f6f30dca94c7d8843ba
Mountain/image_0349.jpg,Mountain,9,41cebaa92d9d6ec3ca4384eda068fb57755bf850fbdb7a7ca51c58634b594c46
Mountain/image_0352.jpg,Mountain,9,b3d41cce9667e2d346d720eeaabee6ca26fb09eb7f2a233684e26d30aa932635
Mountain/image_0357.jpg,Mountain,9,e8ab6eccc9cf28d1c2caa3191f46b2e1b27308ce180005c3c7791b43271706c8
Mountain/image_0361.jpg,Mountain,9,6a654dacad21ecec8e8bb0bf63f843e7d21dc476b8a4d7648e598f0f758595ce
Office/image_0001.jpg,Office,10,3f629d3522245830928217737c5612bea84cfdce23db4c0bbdefcb40d5fc8b63
Office/image_0002.jpg,Office,10,115ac45ee5862816011284879faafcf459fd6ab431a562a4426293ffe3cbf245
Office/image_0003.jpg,Office,10,d520373392ed38953d09588308d8564ee2b77765f1e6200b32bae841ec491420
Office/image_0004.jpg,Office,10,18e1bea20d617cbd723c1d78a28dd96b275914e460e198f85b3ebe7637ca1726
Office/image_0005.jpg,Office,10,b5ce049dc37a6e887e345fb7df158cc561623862e3e2e03df59d238f0b756a35
Office/image_0006.jpg,Office,10,7c08fc02ee2d14b9db07607998bc9ce7a47b39b2e9a539fa1b0b5c3bcfb1102f
Office/image_0007.jpg,Office,10,58ac75edfc9e1f09b1eed37fc3d28c7fe1cbd3f31939363b06bab9418aa3bf20
Office/image_0008.jpg,Office,10,eb78c13dc5936c9903f6dd6e950230c19a508eacd28d1a1f7c653bf9a7b04d7e
Office/image_0009.jpg,Office,10,99a057d4deb6b0dcc157b427918be0df2da44279ae8bab01466b4f3712743c51
Office/image_0010.jpg,Office,10,8bfe5ffef2bbfeebd46fae345341310d10a94a66e61924616286662c8f3fad69
Office/image_0011.jpg,Office,10,4bcf01fab73101b424a568a7b3c04aedd461e7ccfec02bb743ce0b5d1eb27e2f
Office/image_0012.jpg,Office,10,db23fbce8d6cdebd40707e35a1a864155aaf182547b2dfd7561c40a735fba631
Office/image_0013.jpg,Office,10,4d331ee62e1c3a0089d5a9083fa80c1f1f1f7b656f4c4361aa631b255a29b619
Office/image_0016.jpg,Office,10,78c10c749d0eb0adc21d1787d22137ae8a9679d7f5e4d1566eaf404fc932dbfb
Office/image_0018.jpg,Office,10,78904b9886b8861c2a2b64f440960169a42521e81624753334ecd1590901769f
Office/image_0020.jpg,Office,10,631fe867b9c33f2fbfd025c91822396adcc0e4841c50a3a8e2bf75aada2d0aba
Office/image_0021.jpg,Office,10,39dce59249eefcbba419bef31dc795c9730e81ffddaf7fe621b8593844b139e6
Office/image_0022.jpg,Office,10,87e03db5900a24e446cf557684ebd3304016835ae2c0efbe36a3fb4653ac7da6
Office/image_0023.jpg,Office,10,6c58f3ebd6be31d60a47705b91e2d280615fbff4b5073d015f2d617b24c62e5e
Office/image_0024.jpg,Office,10,c75a79f38f33dab67f056c49dee996b0c65017d2a9c9ca6fab251fb723e6263e
Office/image_0025.jpg,Office,10,f2a0ba424b7902b19298df29fecfb753f6574dea7ba26c630b5f18eb7b7ec937
Office/image_0026.jpg,Office,10,659e95914ee50f8384fa42f221c6dc2ebc2bccff59c628860e78eeacb045646c
Office/image_0027.jpg,Office,10,b8efacf78ec1b6980edc19e6682535943f9309b2fbe4b1bbbf2d8db4a752f4a0
Office/image_0028.jpg,Office,10,0d8d86fc50586b8db275eb489e0d266b1825ad3e86b1a68466f5523d17a65f25
Office/image_0029.jpg,Office,10,6d0b24a64567ece76a148d4b634b8064d79ec2fe49da860b3c303c818c770fff
Office/image_0031.jpg,Office,10,ece7831d851fb19f8f4a3f51e5917b71050af48590c95766aa9d0cd912660744
Office/image_0033.jpg,Office,10,8559d974b2a8856811b5e32d61b5854c347b7e826689fc89ac2e6bf2c2b7739b
Office/image_0034.jpg,Office,10,49d9513551716f836ae968a95cc10c95844b06e3fb978e69a55d2a28cd9b767e
Office/image_0035.jpg,Office,10,e36083ebeb5069cc5cbc6041f6a0bbce618b0f801241747edb6d87617dba44f0
Office/image_0037.jpg,Office,10,b6e73f3287e32f7fef1f9f5555c620cda764c47f533481a9b4c8e58dff817eba
Office/image_0038.jpg,Office,10,f368dc73a2fc2938c2466c94adebe3c448cbd8a0db32ffb9d20923c6efd61959
Office/image_0039.jpg,Office,10,de9a9be4ee27c7aebab139b8831253e09aebdf768dcd293dc8012cd43018e68e
Office/image_0040.jpg,Office,10,e92d3cfeb73a62dbc1ad7c2b3a4105da74a46ac0edb70e2621d6e777b5143e13
Office/image_0041.jpg,Office,10,215346015acdc219dbc261181d2655aff72e11cb4b0da63f2c73982190956701
Office/image_0042.jpg,Office,10,701879cb0005174e8b40afe523e45b20b14f48bd24b349c914909779f188b62e
Office/image_0043.jpg,Office,10,7153ef479b844a86e077874919710fc0b009cd9806c5ae030902a280a83f1de3
Office/image_0044.jpg,Office,10,c8716fc47a5c9e83214af8a7364583804ab95f0dbd79289bad5fa8235cd7fb9c
Office/image_0045.jpg,Office,10,8fb38fe7589149a60530faa0a2381058233dc29dc693daa767cd958397d6e761
Office/image_0048.jpg,Office,10,a5da4cd53843ddf586ce646433450885465c01aa5e99850ba67fcadfb92da5f0
Office/image_0049.jpg,Office,10,269f07cf5e385d8e1cb37ced9a72a619766637aba2663655ad1711cc369936b8
Office/image_0050.jpg,Office,10,e72a2ae7f43fc39c8f373e9ecbc7eec775c7cac40ab04876dd71b86ba0113b66
Office/image_0054.jpg,Office,10,d38fdab138ab0c84dc55ad797355672b03cea01adea587a6365ecf8abd5c260e
Office/image_0055.jpg,Office,10,e6153d3d5391392af18fc2a7bc360d1355f09364a09db4011628d83c9c3050d6
Office/image_0057.jpg,Office,10,97ac9bfe46f18eddefe7f2b89f8214f37ba81304b5a33bebdfd10fd75a60c04b
Office/image_0058.jpg,Office,10,6129a02f948c453de17dd0a3f3bc4e330feeb2018cebebea5b22c0498612e46f
Office/image_0059.jpg,Office,10,5dae3d71180f9ffd27cb4b5d7d02f01286498817ffc085096974512e4fa80f2b
Office/image_0060.jpg,Office,10,cf6c05151800c42538fa0b0a76930cf21c32d6e934b05b71070f600d56dfcd01
Office/image_0061.jpg,Office,10,e5602ab62eabceee24f76b88d44eac1214b8d11e3a45fc0f472580c05dcebc3a
Office/image_0064.jpg,Office,10,ee1b5b51730931b68f3fe8d91ee87b86fcd9317c56464b3398b30e57cd75ceb8
Office/image_0066.jpg,Office,10,899a1da8fc5ff4310c5dfb933af81762aedc964bf14fc46937aacf7ebbd4aa0a
Office/image_0067.jpg,Office,10,b2564d6984af5e4d8ad92286867b7c31430cdf62b11359a4a965763ddc87ece2
Office/image_0068.jpg,Office,10,5a9817c927b1df8f686960d9bdc6e442facddf4bf5db1578a9d1abb30db3c8ec
Office/image_0069.jpg,Office,10,81e514ddfc68ad2983ac4ad7a644340b4b75f2d779bb39ec4b23c1cf4eb13992
Office/image_0070.jpg,Office,10,671824542e088687bfbaf696c2de46aad2304ce328c2ff90f5e16e656d7c5599
Office/image_0071.jpg,Office,10,8cb570629e43a3a3f7b22652da8196b6985430d89f773ee6256f7a1f86b38fd0
Office/image_0072.jpg,Office,10,b0d2313632b3e37c026b81268d94363f3739775453fa7b86024d485d2f1ec39c
Office/image_0073.jpg,Office,10,dd11b3aa66e4156cd9e2fca3505bdaf833402eebad39819353157a7065c6b4ce
Office/image_0074.jpg,Office,10,cc69b30255970229841a3ab532180fa8d9629519ee708afd342282c88bc3e048
Office/image_0075.jpg,Office,10,307d33fb57eef46fa9ef678e5a706456339d561549296c7df750ed6cceddab5d
Office/image_0077.jpg,Office,10,e2e86c1137c58b80a9ecd593c8ad56aeb7a0ea376f743a6361626ab513e891b7
Office/image_0078.jpg,Office,10,ee55d37c5588df592b7e8b6e8f23bbcb00b67bfe1e3e2e012bcc502038b49c6f
Office/image_0079.jpg,Office,10,3299063d7e1ffe6c649dc53ba53a7b3ef343e5860a2f52b0a391743a560061e7
Office/image_0080.jpg,Office,10,5f6ad4659709239e7bff77cdcef1d42952b08a7a2faf09a4c120efdc29ae315b
Office/image_0081.jpg,Office,10,bdc464adc4016ab4b6def7ed94469332bb427b719c0a8111ecbeb5b41327db5d
Office/image_0083.jpg,Office,10,a7dce3b99a498c18302435e29ed807047259581e9fe02fe5869c7260cd4da563
Office/image_0084.jpg,Office,10,3f3f0f5bee79fb26e11437ea87c4224d4360e285da33dea61f83803dfddc073d
Office/image_0086.jpg,Office,10,8c9e5ac4849d47b6f0f143a13f3719f742f966332026d8aefe5747a1c8c8aa7d
Office/image_0087.jpg,Office,10,8d07b0a4522e257bb1d442b6e119bbfaa8bdd1df7670f905eaa9fb80101dc5c3
Office/image_0088.jpg,Office,10,c9f652e6cd3925a296d9316618c59ea01bfa5e86a71fe116488b58d22b97491a
Office/image_0090.jpg,Office,10,eae094fa13a44984a69ca5bb121d78d401c7ad6bcf83955e9b84584d2103c353
Office/image_0093.jpg,Office,10,e11e9d332ac9667d43138b5ec4f6c18601d4eaffb0f20c5a22b2f9d8cbcac0ac
Office/image_0094.jpg,Office,10,4c04b2de3be84bf16840d72ce600ae9e10fceb543b53e803b95a6adf28fabefa
Office/image_0095.jpg,Office,10,ca34f1de5986e4d94a1edf07e86f98ab1f93c805c8112790d3396dc8846c3bca
Office/image_0097.jpg,Office,10,97cb807748685d62b07b76e7c526bd81b9b6a6044584fb65f1a224ff32aa5e0e
Office/image_0098.jpg,Office,10,5407d9f028ae61c959785f127eb95ec19a0bf0526fc47146beeda5b7a3c4a8ce
Office/image_0099.jpg,Office,10,a774d7841399f4ae15dad340f7a39ec376eb8b897ea844b650c0b91c00395ba0
Office/image_0101.jpg,Office,10,940d97b61b8be189dabb8a50f7e55fedee3a3f64cdf508e01b1b1ff7aab6597d
Office/image_0105.jpg,Office,10,5540f0cf298293a2a3051ed0c838ceec7697fc25b4e0c5e3c84af2178222ec83
Office/image_0109.jpg,Office,10,1b6fa354c6ff5eb241155dc9f48b924fa68a5c70f7f55e45ade3932314941baf
Office/image_0113.jpg,Office,10,505e6d5b647953ee9a110693c531e8c95f3e0cd5d3a973921377784287e9ca64
Office/image_0115.jpg,Office,10,0921ba078836272cab4230aa0e6642d27856079099938256d9779b199f41ef50
Office/image_0122.jpg,Office,10,ef11213a3261d8d32c5de50abef1a165773ae76a851b71d0575da4246fed6021
Office/image_0125.jpg,Office,10,76798441a51d9e713753199093d2d6486ae27fb72dad566e0a156ff9be3e6715
Office/image_0128.jpg,Office,10,9d40a51bf87f59ec0def55bda768ddb885977342c61521051223ebccd84e3548
Office/image_0129.jpg,Office,10,4367b2eb9a2c4bac5a92fd2a389f71d0206236b4bd020000738539bf4e23a42c
Office/image_0132.jpg,Office,10,23497ee1214bbf5744f0bee33f7fc86b1e62d5edfcc41cd8fb9b17e298147e78
Office/image_0133.jpg,Office,10,cb1f71bb34e25e1f4cf2ca0063f88a876c610c6a0e85f9f10483f1fb5bab91ac
Office/image_0136.jpg,Office,10,c4a96d75908f7a7b7b04f7f5c298d533dddccc782403eb4ece13c65a784d5a65
Office/image_0137.jpg,Office,10,15a54315cb700c6df05975629cc626c853485af0687dbc9d9ea02f2112bd5ef3
Office/image_0139.jpg,Office,10,5eb4d1ee63cae4ba874ac595a86a9e464ff296967aa2df817f6885e4a070aaa6
Office/image_0141.jpg,Office,10,509b70876cdf894cb1b5733121467355534a02c406f3a348c3ff954fec0a967c
Office/image_0145.jpg,Office,10,2541c13d5618fe81f063572316c3effd11678b2b2b91da2366fba8feff076db3
Office/image_0149.jpg,Office,10,295d4ff6a1f55829d0bd1baa8ea88498d44022d761380aa0ae748cf088656a26
Office/image_0152.jpg,Office,10,124625c1eab0940e51e7002db3b751ebadb02b31ebbe9ca7f7358939c7d5e3dc
Office/image_0153.jpg,Office,10,8620e98d5efdc9fa75e75d27585aef3b953597f279b27b44b898a786986324da
Office/image_0156.jpg,Office,10,8c977dce5498543ddf9010a445abf8133699f8862cee6f0d4b63bdeed49f640b
Office/image_0160.jpg,Office,10,47c518681e8637937bc90f0d7192d28107e7d90fb5fbce13399fc09c42151f82
Office/image_0161.jpg,Office,10,ffbc2e55e72da534b8e01a63c65bc8d38e85b2e4501e5addcd63e2aed896d289
Office/image_0162.jpg,Office,10,274e3316fba395e43ac506fd9d417817c02a4bd9b78ca73207aebfd7e1311a18
Office/image_0163.jpg,Office,10,bf19e61a13156ec87a23cf32b71013beebac01f286361e24bd7b97168951d71c
Office/image_0165.jpg,Office,10,a30af875013ee15fe7005bc81903059a6ccebe94c3e40c8c15c10a101e3b6be7
Office/image_0166.jpg,Office,10,68e79629ee9a16a873c85e0e22c1c57f55b909cbb9ca8245b7db3bbcbd15cd77
Office/image_0167.jpg,Office,10,f091ab15340b13fdde594184dfe0417e8d500e97e4c6237b60b6edd44751cc8a
Office/image_0170.jpg,Office,10,73d417f5de5641b3e58ead77ba2216a316a539c197c33e11205c15b25d3e1896
Office/image_0173.jpg,Office,10,a8f6f5ed53149f469846bc0f13dba116c513e392d49cb0e6796e81b21f0e66a7
Office/image_0175.jpg,Office,10,84bfd3214b24cf240a903e7accd191c6fe74fd71c85c99c956a86fe26063e33e
Office/image_0178.jpg,Office,10,0c682ac34c53b0e8993fa4772ccb1561dd3c23595524bd50f76ca412e717f1a5
Office/image_0184.jpg,Office,10,0688a2d937057f29906b4fdccb6e38fd92f0d3b7f91ca54c24612ef3125f067f
Office/image_0189.jpg,Office,10,47973b2359330476914d873c1216962dd88fcbb9ffeff8ad3467e2c6fcc55100
Office/image_0190.jpg,Office,10,90b3e6d6bf439e4b79cdea3a1bcefba26b36ff7467ba4bf1971e0eeba7ca468b
Office/image_0194.jpg,Office,10,9265232324f048a0166b41d8e5dee7f06994c0370bbe1ef2d0e45fa28ea9d686
Office/image_0195.jpg,Office,10,d1766c8ae82a41881620f4edb7d2d668901d6a170ce6a53be27d004245e87a53
Office/image_0197.jpg,Office,10,5c1cbeffeabb39bbcfddb7e1ef17e93a9eb98926292425e88a16e9084cc9c717
Office/image_0198.jpg,Office,10,53d6ae36aef29fb62a97a1752e40aaaab6bf45e55dd79a0eae89102b54bdc8d6
Office/image_0201.jpg,Office,10,60b9be3afa82ecd4c2abc0b58535e8f09dfabec2f1ff98e493dd16e1c350fedd
Office/image_0202.jpg,Office,10,bc54aa157957569a33ac665f9aa4484b77e0a2580d04db22e8bac6fc433d44d5
Office/image_0206.jpg,Office,10,424a627d957bcaaea9625b9199b72adbc0c09a7c1399a986d7e1852f6c2d8100
Office/image_0210.jpg,Office,10,75561724d30b9abc43f8df14462414b71a86ccd627fff5b43b43b5e064f32602
Office/image_0211.jpg,Office,10,f4513480461a6ad7cb9bf66ab095612499489a22d0f1d2b02851fe3d617d9804
Office/image_0215.jpg,Office,10,da05ec31a8f117b2b9a17b527d8ad11afb15bcef68c34b1d28cdcb94213410c1
OpenCountry/image_0001.jpg,OpenCountry,11,ecbb53486e497457f252e60e5767e089ee2e3b89100c2bf4f6b5964bbd8ec83a
OpenCountry/image_0002.jpg,OpenCountry,11,c6b9181a11227dea0d69cd28d92bc7f13b2275ff71d6d4eb2380a0221b99b726
OpenCountry/image_0003.jpg,OpenCountry,11,b156e0df9c1d3e96ee43f3cc2030b947058e40822b08f5532e5aa12b7f6e30ea
OpenCountry/image_0004.jpg,OpenCountry,11,46e2816bc8098271ffdf733010a35cee9dcb11a774693a8fed38c2eb6f77cee5
OpenCountry/image_0005.jpg,OpenCountry,11,8adb58593bab27c0d0d0c2fa416726e1bda5220a87735099e81349c358e41099
OpenCountry/image_0006.jpg,OpenCountry,11,b73b2b299354022bfcb76a2fa758ab380b85fcd2f029a1c65be8462e534c316f
OpenCountry/image_0007.jpg,OpenCountry,11,f4fe89dfa04395f3111d7c6585f6246ae62dfd487e7fcc3eb7491b45a1280f8e
OpenCountry/image_0008.jpg,OpenCountry,11,b4fa3fa343fb638f09714f1dd3fc54b1329a1e97f82da34c3b6cefc75c2f90d2
OpenCountry/image_0009.jpg,OpenCountry,11,f20e9f9f42ed5faa388ae9f5f1f0e56326bb2d4a736d785b08323f2e813db2f4
OpenCountry/image_0010.jpg,OpenCountry,11,df3eb6e7c506b4f52fde6268d5bbd9e2c3751420456bcd1b10e6a724e3841294
OpenCountry/image_0014.jpg,OpenCountry,11,fca44dbfc865c32868a87d33d53f94e9edfe9836840e3b8d9c2076f6b6382c34
OpenCountry/image_0015.jpg,OpenCountry,11,5a10f1dd18efee26c5f4b7c7f9140f226aaeb4aa3c6a0aca25ebeac5407206da
OpenCountry/image_0016.jpg,OpenCountry,11,32aa68469de9f075874f800c8f29a95f133b24a77208ab51a78b388249570964
OpenCountry/image_0017.jpg,OpenCountry,11,e1a2025a008d7937ed231481249453f0d2ef58372a1b8e63a8f979cacce85c62
OpenCountry/image_0018.jpg,OpenCountry,11,a404bf7464cb9c840ffc7a670646aad507dff4569b75c844cb49c507cacfecb8
OpenCountry/image_0019.jpg,OpenCountry,11,eaf3d617776ce41ea1ad18704be4afc79a3eb39a8c507e714b04fcd11a189ad4
OpenCountry/image_0020.jpg,OpenCountry,11,dc314d32d38ef31037873011a32404f7d3df5cdc5e56ba68e13e053b4dbc6b99
OpenCountry/image_0021.jpg,OpenCountry,11,acd93c27e1771bc7796bd0bb169edea2ac1842d903839289195ccccf3dee6f69
OpenCountry/image_0022.jpg,OpenCountry,11,1a9f7ab6d24308ffdaa561a86c52112e677d95ea84e75e929285ba99334d08ee
OpenCountry/image_0023.jpg,OpenCountry,11,3675050149aecf83783c1ab6556166a0029620ea9e3eb8390fadf28596cc3111
OpenCountry/image_0024.jpg,OpenCountry,11,a34b580fa07e88fc750e0c4c0b1ee5f3eeac5e623d4e95c0c43e006fe84a969f
OpenCountry/image_0025.jpg,OpenCountry,11,11fb5c7787afcb66d1bc63dc0763b1a0b49cbace7c3156e6e5b5ada0feceb3c4
OpenCountry/image_0026.jpg,OpenCountry,11,844697922de60af754b4aa3905c96dd3b18527c323ea8bfcaa6ca22e6126b95b
OpenCountry/image_0027.jpg,OpenCountry,11,7a9c7791136420d066c295a6bf1c8b8a1379a4b4fb59c3d51191d55a4127d0b6
OpenCountry/image_0028.jpg,OpenCountry,11,d2123ebdb3b4a87a41aa7167d171c7126a8b7f3ab54c18d47926272e922ebc1f
OpenCountry/image_0029.jpg,OpenCountry,11,018f9d28725112d0588c626b7878bedf67fe74a1198feac77155ecd4ec6b1942
OpenCountry/image_0031.jpg,OpenCountry,11,973ee3b205f320c4a9c3526159839c734b56da02d0831dd784d930f2c5e35b5a
OpenCountry/image_0032.jpg,OpenCountry,11,d6fb769dbdeb1610c14adf58ebe75667085dc6cbdf7041437ee93a362a0654fd
OpenCountry/image_0033.jpg,OpenCountry,11,652e58368b01b200282a6f15ae699cfa1b7be7f8eaaa808f17f5737ad12073bb
OpenCountry/image_0034.jpg,OpenCountry,11,e1592fcaddf8ece088cf5515ad9bfc129e81c2a54c476343a95ca7861fa2629d
OpenCountry/image_0035.jpg,OpenCountry,11,991e56e14fd3897d0ee3ec9ab37baf87a1c5e0b94cffac81fb6df2b5e4d46981
OpenCountry/image_0037.jpg,OpenCountry,11,afe0e6eda4745fb4fdc4c9cce92ec96e08c420d5b34e8371efa12d6c3507862e
OpenCountry/image_0038.jpg,OpenCountry,11,61728f2f178366c543e9ff8b951a5ae23f1f68f6f5e47d2b4cc1c4f7a23ca996
OpenCountry/image_0040.jpg,OpenCountry,11,963aff6ce306abd53807fbd374d252b4f6a6b7d8e709a5822b947ca1ec5e69d9
OpenCountry/image_0042.jpg,OpenCountry,11,a48d66140adf7fd9de050b210263ebb5c03072f9104697594d8204c54448df92
OpenCountry/image_0043.jpg,OpenCountry,11,3c7f143a8c9820ae36268685cbee8e9912945924641d2ecd74d229be584d6e69
OpenCountry/image_0045.jpg,OpenCountry,11,95c6fa5fffd0056973aa8475da8f9dbc420bec7a5305398ae37ee967bd63debd
OpenCountry/image_0046.jpg,OpenCountry,11,9178bec416c395183173abb1f76ffbb8d797beda37c6fb9cf228ef0e0be23814
OpenCountry/image_0047.jpg,OpenCountry,11,b54a1e3acb5189191a242f27bdb026ce6b38116963a834c69668319ec1dc350a
OpenCountry/image_0049.jpg,OpenCountry,11,7b907ad149df2853ab6f5344d8f98c9201fa973e1434c77473f9158756eebdb0
OpenCountry/image_0050.jpg,OpenCountry,11,1c6a108223eb943a4a1902b8379b41423ff4f2bb3dc09905a2078d37195b7f2a
OpenCountry/image_0051.jpg,OpenCountry,11,ae43555c4362b48b420ed49f3e04e4ddc25c10de4ddd5b6d81d0075b0251fd74
OpenCountry/image_0052.jpg,OpenCountry,11,d0bca42e819bf3fd708d0d95ec3de42e91601dca94bbf4029d1a290bec5c61e3
OpenCountry/image_0054.jpg,OpenCountry,11,b8d3a512ede997ae60fab4c0da6f75d754fe831adeeb576d199f214dd55d028d
OpenCountry/image_0055.jpg,OpenCountry,11,8c5463a3df3e1f0a027865cca154a99b8a6d5974c69f0492524d51c811cabdc4
OpenCountry/image_0056.jpg,OpenCountry,11,c1e55d7e821c50046e79998434b6f90779d0db11a06a67bcd88b7c8e82ae3fcc
OpenCountry/image_0062.jpg,OpenCountry,11,1cde18bf70fbdc7bc44a6dd92f0c07dd3694068c4ea35f1db7b17e686dfb6641
OpenCountry/image_0067.jpg,OpenCountry,11,4c8406f2bd8a46080cd67dd3daac59bf560d348b4942914768ac2e876ac7dd55
OpenCountry/image_0070.jpg,OpenCountry,11,9ec8fe3f7f841aad52bd5292c40da170637d599952101b86a835226e7f835d48
OpenCountry/image_0072.jpg,OpenCountry,11,d8d1f1d82c1d910616eef4d68d88ae4ca36ba2fc833ac10c4ac2d6854c119afa
OpenCountry/image_0074.jpg,OpenCountry,11,e294b1bfc4c73c4379528478c063781dcd7fa7aa9a1cbc99bdaae236d2c00876
OpenCountry/image_0081.jpg,OpenCountry,11,feafefecc570ebe115299910975df523bcaa95985dcc9a0eec4363e69c374fd4
OpenCountry/image_0087.jpg,OpenCountry,11,804ca377f1a918edfc65546466da050e9c8beca43e69148b2f79377917420178
OpenCountry/image_0088.jpg,OpenCountry,11,181a44546232008b1c434d2466a29967d719bad07f2a0326819d3fe154c0cf7e
OpenCountry/image_0089.jpg,OpenCountry,11,f82a9fc9f61a091d71beb9dbd51025cc2b850764b150d1ea8c1873979f3028b9
OpenCountry/image_0095.jpg,OpenCountry,11,52d3f54e4f305345c10a2a2162f7b4426026c11ae0e6abb7aada66e7001bc05b
OpenCountry/image_0099.jpg,OpenCountry,11,7d0377daf190e82e6f478f3731ff34b677c3740f48dd1eed28091da46d0b206e
OpenCountry/image_0116.jpg,OpenCountry,11,ba15346667eb43fa91252e3c6dd86c9cae92443b6a7cab30ff9455f29e99f991
OpenCountry/image_0124.jpg,OpenCountry,11,58b2f15db4993420e633ebc78c19639162a4eef3b7583e213b74f37b2c09cc48
OpenCountry/image_0127.jpg,OpenCountry,11,9d30e27db1e5f0cb97904864d8101a30a898329e08b70419230b77bf3dcd0e46
OpenCountry/image_0130.jpg,OpenCountry,11,b1034534d32a9a902a306b5b76014f82fe8a32b18802ec9dff111d418c69d39c
OpenCountry/image_0141.jpg,OpenCountry,11,cf007ba5db682cfdf5d6b3fdd07123a7cfcb60257ec4652036a21d2adc754be6
OpenCountry/image_0143.jpg,OpenCountry,11,b48c77cfa2397801b3cbb83b748f31580255e7a259dd6de6cac80220bd39871d
OpenCountry/image_0146.jpg,OpenCountry,11,e2faea43fed6b64b012379311611e3d2ff92db367d68a6ac04680181f80239d6
OpenCountry/image_0152.jpg,OpenCountry,11,0047e703d94cfcff29999421c4510eb8cd1516297500051c694191d119ad0a2e
OpenCountry/image_0156.jpg,OpenCountry,11,ac91b29dd24db2e07372be2efb629355203dff95efc6b0ed5fccdc32756f3b6c
OpenCountry/image_0158.jpg,OpenCountry,11,09223c96e284db7afdb1cf06bf7b903ce826a388902c291a0ab967884fc2721c
OpenCountry/image_0162.jpg,OpenCountry,11,af5efc68ddb3abc971d863b2bd0692027abf96594f1e456c3da9d2b6bdcaa138
OpenCountry/image_0163.jpg,OpenCountry,11,e1663c6b284b7585b5263748ea0fb132f4ba30cf74def0730e70c8f98a3a7dce
OpenCountry/image_0168.jpg,OpenCountry,11,3f5808e0e42733ba0b48b40dee0fb399b720035c2123431db906bcb62dc4ae10
OpenCountry/image_0179.jpg,OpenCountry,11,97497164b3c93335107606956c488b00d6f2a4b81bc141e4babe63743b192dc0
OpenCountry/image_0180.jpg,OpenCountry,11,d39201d47c602474f205325162d52942b993c553ac8d7c62402a754954bf7068
OpenCountry/image_0185.jpg,OpenCountry,11,0006a4802b7fc3b38fab0c418a303b2d9cd9e2d9efea1f214c4346a57d7546cc
OpenCountry/image_0186.jpg,OpenCountry,11,dcbec70687360a95f8e2b5986d077700b1c6a47b1794839ca9e1be6035cd7106
OpenCountry/image_0187.jpg,OpenCountry,11,b8cbe2bf97eb893a7cde1ce88ebe62bd03e6ddc9fa0cd0c74023d7176dd7d30f
OpenCountry/image_0190.jpg,OpenCountry,11,f9e0714f184bc98554f17228c7dd798cd4d666ea71da68cf7e5353d00797448b
OpenCountry/image_0196.jpg,OpenCountry,11,f001f2e37e503a5ab1e87f10359f76a7eee26a650dd189ef2f9c6f13c9f12d6f
OpenCountry/image_0200.jpg,OpenCountry,11,e2fe8eb5a059cd2c3be846f062cf83852adb61ede27b4028b42236c8e3908637
OpenCountry/image_0205.jpg,OpenCountry,11,8386428d2feb53d2f983061db86820da96b406cacea107cec8113e7ec9613a57
OpenCountry/image_0207.jpg,OpenCountry,11,9e14b60cbf99c13fcfdfe08a57a089aabca1218024e0f12e494f624b2c0d3ef2
OpenCountry/image_0209.jpg,OpenCountry,11,bc4bbb52cef09bd220ef46780aeb84c4a888135ad6eb7951057f3f09d9ef0fc3
OpenCountry/image_0213.jpg,OpenCountry,11,32999a7179650914db4aa18180a9adf3311d54274e859db6fdc17a9fdc94d8cb
OpenCountry/image_0214.jpg,OpenCountry,11,02d147f8d7e937658b6f31bcdf4c187935a94cc22c0bfefa1a149647c944d069
OpenCountry/image_0217.jpg,OpenCountry,11,f0b651460508cd146f5bb2f6c1716136f70cc776f5b1ea2d8d115230fd11fcb7
OpenCountry/image_0223.jpg,OpenCountry,11,8e7bf58bd7fc3cd87d2c7e613379ebc06218398ac8f2104e0baceea6a50f8120
OpenCountry/image_0226.jpg,OpenCountry,11,2f4169f74254c46d785f087a6e083b07ac3b64b86d686e2981f84e690a2ae140
OpenCountry/image_0247.jpg,OpenCountry,11,45e7395ae234e854ec87cc673b57b6c4d98f3ae080351e553b71211de546564e
OpenCountry/image_0248.jpg,OpenCountry,11,e8f825a3cf8bcad73aa06fd209c9a92e84f0dd4288c36f886d0bbb1c18244ecc
OpenCountry/image_0254.jpg,OpenCountry,11,50a2b6d5ee62ca79de751231c5955583791a2cef33cd49e14a727f099524a6a9
OpenCountry/image_0257.jpg,OpenCountry,11,f0deb9648653fdb4d8b3171c015a6d358b1948279245e71548118cf68689228d
OpenCountry/image_0271.jpg,OpenCountry,11,a51bde23cc50daddf406b71088826a5e1a61decf85cfc1794ece7dbaa2315523
OpenCountry/image_0272.jpg,OpenCountry,11,22997b5cb05ef2de19844dd228748aad030d64f8b0d9dd1f4a9df149fde7e208
OpenCountry/image_0273.jpg,OpenCountry,11,cf7550b3c8644a2f4c5a1d61f3fb1f6a5306de8828c4d57a66c43ca957cb85b5
OpenCountry/image_0276.jpg,OpenCountry,11,7c4272a3dd43fc95d7255f8fe75d5ef5abd2f6829f29a46caabcde462aa23474
OpenCountry/image_0282.jpg,OpenCountry,11,82e05eafce95cdd62ffdaf0442494d7d313a5a7465f63a442278707c17e9be81
OpenCountry/image_0286.jpg,OpenCountry,11,c0723f318348a4b30f38ba54bd60b11678af6dd5649a015572eb62cf22de31c0
OpenCountry/image_0288.jpg,OpenCountry,11,f2494a4cb71630abe0f9370cf0d5ac9c0f9b0007c15a2a008c0b2b4cbabac2be
OpenCountry/image_0291.jpg,OpenCountry,11,883c5a92767534c82f0a07cacb592789607c803bc048c26b93675ccfd7d2860b
OpenCountry/image_0299.jpg,OpenCountry,11,cc7ff9a1e57282d079446072bf78c0586f998b7393dc17472cb87c69785f2f0a
OpenCountry/image_0300.jpg,OpenCountry,11,5e3824e20434ec5e7ae634887133982d15ca99e8b6d820de3cf89def32598afb
OpenCountry/image_0307.jpg,OpenCountry,11,3f341ca06ab7a1de385244d5a3a98dbb2ca6efb49e71f20daa56291b2eef9677
OpenCountry/image_0308.jpg,OpenCountry,11,0f962766b8dee1204fee9f7a352dcc192273dbd8cc94886260a75e64127d8025
OpenCountry/image_0314.jpg,OpenCountry,11,3862b2006935eb2cd240dfb4b777d8d8b8869fcc18adaddddc9bff0509418011
OpenCountry/image_0320.jpg,OpenCountry,11,233c693b9bc33572e424ef7fee8079b599252c31525cba5bbc87b9a4cae631fb
OpenCountry/image_0328.jpg,OpenCountry,11,c04619a8b60c20cd9309a896c9c7b9bae2ae3aecb8ec37e36ea1897b6f13989a
OpenCountry/image_0329.jpg,OpenCountry,11,30f3106cd2d5c6c9e8627d9cb16b4d0ae2d65474fed075e6832ff03482239408
OpenCountry/image_0331.jpg,OpenCountry,11,9a6568bc92eaee4ba38d8b17bea23cf1273e6f3a109b72608ae6fd76efc7f2b1
OpenCountry/image_0332.jpg,OpenCountry,11,a66a33af1cb6431e2a29c29509e65f69512fc40f8717d4ded68471a6f89f8e05
OpenCountry/image_0333.jpg,OpenCountry,11,cbf2e1e16b6e030e23237cef8dc562561e568a3628819d54f23df6a9f993026c
OpenCountry/image_0342.jpg,OpenCountry,11,15424f2f3e8956688192b94927a303603b3a0e74c15028348b3512496bbb2ead
OpenCountry/image_0360.jpg,OpenCountry,11,e416c03627770d32da7aecaa84eb561caf20c69e3a89262cbfa9b6376abe1582
OpenCountry/image_0362.jpg,OpenCountry,11,6657fb832d43bf16ac8a52241edab6c4b6923cae3d3b05e0d2345099bf9ddb03
OpenCountry/image_0363.jpg,OpenCountry,11,eee4070be2dfba2482e826c36e7335af17888c07bec6e8972f371353579bc5c1
OpenCountry/image_0366.jpg,OpenCountry,11,0f527d0c7cc281080a081ed7765a226b5cc8eefd76d98c2d21783e5cb632b664
OpenCountry/image_0385.jpg,OpenCountry,11,8fa31baa64603e8a9e0b24f971eb5e5a79bca4551dbff48f4775c0cd99a76912
OpenCountry/image_0389.jpg,OpenCountry,11,7f74e206afdf39fb924f0cf1f6ec5db16015a2062483f7074a7fef6d29dadf4a
OpenCountry/image_0390.jpg,OpenCountry,11,b60696f2a8e07ee7d7d096c254c842deeb0679caf3fcd263005df8e108d02cd7
OpenCountry/image_0394.jpg,OpenCountry,11,f45c09524ab793f836fa675f098944495a3d5dfc36b205e9b56d3df8bcb96a0e
OpenCountry/image_0397.jpg,OpenCountry,11,a27a09cdea46eeaeccfcd764bcc16169064f22a0a79b3c372339bf17c8ebffff
OpenCountry/image_0398.jpg,OpenCountry,11,9da73f3f9a28a561a1319ff8d3272e23058a02240a80a025517d39014def31f0
Store/image_0001.jpg,Store,12,c6a96433dae9c0b550b2cf25fbc3cf267ff19c99749efa823f32757618734277
Store/image_0003.jpg,Store,12,5907d1a7f7b73138a63fc4efd3814238a32e33e4626a12f819bd372ef3cb33d1
Store/image_0004.jpg,Store,12,c26bd68b90f6243632bb76531d69b831882da8b400bd55eff6f10ba5ca61a5a5
Store/image_0006.jpg,Store,12,4fb97b74750b841ee27b6da46fdf72d38d219520dbbd4668f0b2b2751793abfa
Store/image_0007.jpg,Store,12,8c674d6523e318cfb95f1bf81a061d3a7a2118da192b8e31e289456881ea9033
Store/image_0008.jpg,Store,12,40c03edde5ba8ec620f56862b23365440cd3132fe90fe8f042d2a75bb73cc674
Store/image_0009.jpg,Store,12,5e6110d10011470ca27e85ed67aed62b619f47956bd5468828fcd2b1500cc306
Store/image_0010.jpg,Store,12,fddac436e7bb6fa6a63340da8765684ee5c4b0b71b63609d343eb65f006fc87e
Store/image_0011.jpg,Store,12,0491c56c6bac1b9aaf7877592c0105c2273db92c187d568df4f7d4645af6adec
Store/image_0013.jpg,Store,12,d9d68467cd24cf3add39d8a03bef007032c4a21267ca82ed3c0699a1cc8c0c72
Store/image_0014.jpg,Store,12,5c07d3806a5c421b920f22dc6c512e6e1a01c8c8767973f78a09706aa97f73a9
Store/image_0015.jpg,Store,12,49888d92bc4854c149e830a457995cd415a88e016772755ca467c7fe74e92a7b
Store/image_0016.jpg,Store,12,88e9590513cc521f4e218f3af89b60b9c5e858bfdc69850a056c0501f3192326
Store/image_0017.jpg,Store,12,eb3b31dcf6914d144402ded559442bc34d21a87c16625bfbcb40f0f4e9018964
Store/image_0018.jpg,Store,12,4cd9c1a46dddf9a5cad6a2858fdb48e549732af0720c56d51cf114af100a5c9d
Store/image_0019.jpg,Store,12,60b724605301fc11584143d7450276d996ce527424a4ca126888e74452480c10
Store/image_0020.jpg,Store,12,4f4cbed3f0f24b45c02d9b0a0d22a4607d3f48acd35032ee756ec7e994b2b793
Store/image_0021.jpg,Store,12,4c1f5cdc02b3c86bb04f62e948a2e8111a6245575c72a6fda4b6924e07907542
Store/image_0022.jpg,Store,12,c529bfd9a2c8b2e272d36b78a9f471a171c9fc9668e61d078b904a91d3350312
Store/image_0024.jpg,Store,12,b68a963412f560291bb113022d5a78f7173368a97d9b9359be93647585bc592b
Store/image_0025.jpg,Store,12,c85a99aaa9993438a0603f60f050316475bb1a19d2735694ea1b553b8ab88d3a
Store/image_0027.jpg,Store,12,eb8d5c0dfab61badb0ca506efd5ac3bbf8d14acad5976d5edab19a0ce17b1d3e
Store/image_0029.jpg,Store,12,ddb6aef6dc5081538ca4b237d6293e40d8e69ada2d560827db832386c2b60854
Store/image_0030.jpg,Store,12,71ea27e1f18cbccb2695fb290e07fdc298b38b31c3ace70e89eb11c34bfe0cb3
Store/image_0031.jpg,Store,12,368a935f72fd473a4628d111f7b7108bfcce841ca56deb4809b194e35c54b709
Store/image_0033.jpg,Store,12,27f057fefb51f7eb73040b3bfd42304343479472b44ea6ffe0c1bc048d820be7
Store/image_0034.jpg,Store,12,f7b46803b1fea8c4f721943d46dbc3f9a3b23f3d5ec44e2aa4569b2562d84747
Store/image_0037.jpg,Store,12,d4b00a63093e0097bc83a79071ff622c366fd219fe024275826fec82010efe42
Store/image_0038.jpg,Store,12,ab93cca2bc3f748a59a670964093432e76f781bc7e7c5927433c84e908928c3a
Store/image_0039.jpg,Store,12,20753d59557aba6acc69b77587c5353ffdde37d5602a49cb84309c7b522c066e
Store/image_0040.jpg,Store,12,68e5c75725ae57cd2006c92ef0fdcbdeb49ec52f47c84dadcf48f5058d08bf87
Store/image_0041.jpg,Store,12,d240adb280db1697f69f22fa15388513fd824f3e71ddd8ed08fa20107e6766b6
Store/image_0042.jpg,Store,12,4c0b5127ac1f92b8b561d5477820c6141d851a4bac14ddbe29dbc50c024709fc
Store/image_0043.jpg,Store,12,075ee4321893304aed88e0106b024c26657dae4e166eba5cdce96f556e37070d
Store/image_0044.jpg,Store,12,8841f47b8dd2cf7d16c8f0937186702159c2b85602167cc4e4e908b08f24da3a
Store/image_0045.jpg,Store,12,d02819a5d34a5227f32dea6ebb21e7ba98ba6e7b99a98f29da6287870fcb2c10
Store/image_0046.jpg,Store,12,ade43a6f510422f5a06c9eb153fe0f9d4ba8783422eb83119646aafb478ec348
Store/image_0047.jpg,Store,12,de1ddc7fb9ed052c969825edbb2e49a4e67ec22ec3179a426412ce8faed7f16d
Store/image_0049.jpg,Store,12,1b62b6b9b1f30b624219dc843d49d90dfa1d8b0de6fc030f9f97ce514b99a926
Store/image_0050.jpg,Store,12,d4d5ac242c900432df4648544bea235cdc2add69cb1f5a5c3472ac57065bd83c
Store/image_0051.jpg,Store,12,2a0ddc98db7ef0f35bc28db7067040028212d87db115bf4f2af69ca0064180f1
Store/image_0053.jpg,Store,12,dbc5e3234f02b3c8da96a250c61d97e6fa2a2da34a27d77b490cae4f51a58027
Store/image_0054.jpg,Store,12,d6f51a33481ce3685f4c108f4dd9ccd6217ec73d05376dcc95d99c4bc2ffbbdf
Store/image_0055.jpg,Store,12,b52661e0a6d5f085b7d94970d43ca660d7ca4df84c3c6bc738a57052de13c876
Store/image_0056.jpg,Store,12,6f06e0df0a231bbcf5b5fbb4f2b683d9c93d42a830678dda1e8bcdbdec016311
Store/image_0057.jpg,Store,12,45828dda4cffaba28bdaee80b53579177aca3a095158691192851bb1eef858eb
Store/image_0059.jpg,Store,12,3da49c8528875ea6d6994061d7ed88566acaa852cd0ca7ca04ef42fb1e0bb1d4
Store/image_0060.jpg,Store,12,884997e46a413a46cdf257c0371776b8c6fd2c86b7213a99f1ed4d19c810e0e9
Store/image_0061.jpg,Store,12,984fc634bbf2efaf140ced25452599cc78bfa907d1872d8673f511a60e145a5b
Store/image_0062.jpg,Store,12,5803578da08ef332b9c785db00229d684ea3520f799d530e9a2e30f77164b410
Store/image_0064.jpg,Store,12,64139ea52a859686a5f87892ed949eb0edf02dabea29d2d4a63abf2c333b0c5a
Store/image_0065.jpg,Store,12,d986a0967e432c7acdb6fd0b206e5d3d9e0d168514a7d04622ba43afabbf8a00
Store/image_0066.jpg,Store,12,3d7067d68a8004a9b1d59a1e55ce4d9efd9a04fc4ceabd772b22253c69f43623
Store/image_0068.jpg,Store,12,36c263eb27008c989700a3bb74fa04ea200ece673ed16e0d3e1d0634e0309c88
Store/image_0069.jpg,Store,12,c18d87dcc96f6e3a3b5e52563a0e2c8ba8f5759657be2e3d6327a4824ea41433
Store/image_0070.jpg,Store,12,9f630615df635af3d337d7f7cee1e17580f21c12ba11e13c661487962ec2b2ea
Store/image_0071.jpg,Store,12,08b2e003c990b0d3c8ad03c2eb31f93de8bd986b9aeecabbedf401e06aa06396
Store/image_0072.jpg,Store,12,9c7e9031ab6a14297d881c427b54fe1a69dd3459a08f4cfe84eb97be02edb1c1
Store/image_0073.jpg,Store,12,cfa75cf67f3e76754de292100506bfae14ca15b9d6babe54ad143b87eeaeb4b7
Store/image_0092.jpg,Store,12,05cf4c1bcafa4149a27eb3e442846a0a3f8abf963582057108ff5567c33d1c74
Store/image_0093.jpg,Store,12,712499e64dce3ef8036bde18ecc1a3378bc9e4d730cc4b1a5d5b09afc724225d
Store/image_0094.jpg,Store,12,95a90ddeb24d5106cc3cfba80646a436391301e52a7d28d3c1e3a476728a029c
Store/image_0095.jpg,Store,12,7e638dbee22ccf37180d760df95d1104cce0d91999f12b6f12b53583b0d52665
Store/image_0098.jpg,Store,12,38c21d8075152a3e54b7378280e16d556429c74da15f5a24eb26c020bdc1ed6c
Store/image_0100.jpg,Store,12,6f7dca9a7ed12ed5cd68603db765b0cdcb38ff4c86fcde2a74939e8a767efe60
Store/image_0101.jpg,Store,12,6b3f63e2c89099284071c3050b71e43dd83b4503d88ed799f954c437f3a029ea
Store/image_0105.jpg,Store,12,cdfe6854ea3e7af4f36b2f5d0a025c3f2b9ee96cddc3e7308e5391ea5be500fc
Store/image_0108.jpg,Store,12,9efc0b932cfb5f4197f9e68b5ea51936868b7c0f66d1e6a517b267558766152f
Store/image_0119.jpg,Store,12,b90786eef32c297d2039238bb634f8a920f4adc3c6e2cb4fc0aea910eb4d7e27
Store/image_0120.jpg,Store,12,8e35a036164d9148660635627d9222756ea606800568a8ea6c689c80549fc7d1
Store/image_0123.jpg,Store,12,9a952cb9700a5b6ac15613f0b993132f6c1f600916a1d60dd5536e2abe7cb222
Store/image_0126.jpg,Store,12,858db879f461767c0a51450f8ae784d16f6afbf6df511faef4e6a8fdba3d7639
Store/image_0128.jpg,Store,12,992ed2aa568a6813afd3a65fb53fd3f27a73b1cc5b38ca29cffd0a24b9b31499
Store/image_0129.jpg,Store,12,401c438bf81d0b4049de4a7c142b92d3cc7919ba5673e71190cc6165d8067c1b
Store/image_0130.jpg,Store,12,6b23f1ef3ef5503b7f615ececc50a5c4e10f1de8013d01df8c32c40d019d8f4b
Store/image_0131.jpg,Store,12,bacfc1c410f7c5a6dfbbd27c06f0188fe0ac205f443c274d0633676604dee8a5
Store/image_0132.jpg,Store,12,38a11aa5d176f1cfbf313bdff79b1b507f47ef26418c8b4806c169ebeab1b4cb
Store/image_0133.jpg,Store,12,904f288d0a52d7a6b3ad6e3dc9904d676d5aff3dac356fc57eba61b20750879d
Store/image_0137.jpg,Store,12,5f46d7ad0e61e91324e57f4ef8313c50fe3ca1e10f5067f7b9aeb9ac598c786a
Store/image_0139.jpg,Store,12,f363254c182973291f4f103ae11f185c44f5891f48e58759ca0af521b72855bf
Store/image_0142.jpg,Store,12,44afdcd48a2178dd277a71c621924511a8a27c4791062a87e80e046d5efaca6d
Store/image_0145.jpg,Store,12,c869d7fc73def72e2eb4977b2610fbcadb6150220974836055e4badc1406b103
Store/image_0154.jpg,Store,12,bee141482912ecc29771c9a0f099020705ffee92d23a31c5eff3a085a06be7e4
Store/image_0163.jpg,Store,12,e7d66b912c1832bd84e3aa0928b34700c349df8f0e101f3e7c9e090f94fc7e57
Store/image_0170.jpg,Store,12,5305b265b2015fa869f901c38fd36576b9f361024ab5256b155db47ac97cc57b
Store/image_0173.jpg,Store,12,0e93c925f07902136881ef862af9c230261555af66af63aacdae9278be2e5457
Store/image_0175.jpg,Store,12,bc7999fedcfc3238bf6b283f6f03d25495f35bddba6311ab82eb24f5a52ccbfc
Store/image_0189.jpg,Store,12,3d9533445556e85219a7b648a0e90658421ed52252ac7afb47cf553a8c5f4b05
Store/image_0191.jpg,Store,12,438fe309ffe56b98bc02596fb11d97085398580894c7f297f98e883a8fbf18c8
Store/image_0198.jpg,Store,12,ce217f9a40a6f11bf0a7cc79b027eb13ec3d7835bc547aecceccffdb9edcfbec
Store/image_0199.jpg,Store,12,52611d8d4ab332f76bf18ca9f4df0ca22a760e4a05caa6fc313714aecac852f3
Store/image_0200.jpg,Store,12,2a58e33fc01e64655fc994cec1e8d8a3964ceedf45d6742c0920be7ddaf29a81
Store/image_0203.jpg,Store,12,be6c3bd5174a51d053eece7f6c6e4c3eaf69a0d445ef91f215abeefe90284f60
Store/image_0204.jpg,Store,12,1ed43608f1d4960dd6008d8f3ac7279148de5a7bfe2ec056b68fedd592973621
Store/image_0205.jpg,Store,12,4d69c1bdc08554ac0fe6997e7b49111aff8cdc3463a6d5dd5669535c971c3c1c
Store/image_0208.jpg,Store,12,372ba31f5324ebf5fd450cd7acf235b3dd6441295d199596b7809e7480e5b3b3
Store/image_0217.jpg,Store,12,5a71afad0f003ab040a2bce0e369c33b4defdd53055421d28fde967d20dbcc7c
Store/image_0219.jpg,Store,12,4b3efb866f90e514320972dec77fd7cbe33d7e602a912c6891e151638e364ee6
Store/image_0221.jpg,Store,12,590980a8017b51eab653b4bbb90e708f21a2002ec852a5f2de372056796e3e9a
Store/image_0230.jpg,Store,12,0c8bd54dcc95d826ec3b0c0d8faba8a1182379544d3be1daeeb5731ce4cde4ab
Store/image_0232.jpg,Store,12,6a15218b780b563679781a36c8486f121db3daaaa646f80d3ffe6beea93bfdd9
Store/image_0234.jpg,Store,12,226ef6b10708b68ccba5e42ed17f15def2e5ac8c85e566d04f9d936fc9a3ba45
Store/image_0243.jpg,Store,12,d54b7289fd7cf72304edc2802227eb5c6459b59d44ab6ab921d77312db7b4ac7
Store/image_0244.jpg,Store,12,5f49621800bb0d0c86bdf2834ec8259f6846d31a259db16d2d837af75d684f9b
Store/image_0245.jpg,Store,12,3c23db3f2dbbc0076738fa557cb76fe468ea7e60b10b07b660c14cb2b616e9d9
Store/image_0250.jpg,Store,12,a3c59b3bd5325dab0b8f3f0bc793203adfda1fb617ecde6466873a25e17298af
Store/image_0255.jpg,Store,12,c2b0b4f41ee12712214cc0df028b4d657e39c064d5df6d5d452a0688bd5f00a4
Store/image_0264.jpg,Store,12,9cfd6c158e05a43d6a1aa7e6bd71bbe2ac3389e70e60e88f7ecd1e0d252270a8
Store/image_0266.jpg,Store,12,f29781e51c308fae85daa65c48b9f8aabab107e4b4533572fc90a000998cf148
Store/image_0268.jpg,Store,12,110f924b041970be63587a20be7e66cad783c8652780bd6631eb017ca8e7a999
Store/image_0276.jpg,Store,12,e6f9c15f7c9f01ee24defe9fb950c2f3093721c90e8e6ee23d83cd8092a30692
Store/image_0277.jpg,Store,12,fc18cd0a3f499372f0f1c46d292e77ee7635e521ed0bd19c601fef546b751a20
Store/image_0278.jpg,Store,12,d9511c5496de1e5c6d1555de8ed7abb98a6862592cd9f9643b45124e83fb226b
Store/image_0279.jpg,Store,12,044271997d8ab22d22b9be1f28456269b7e0f050af3c29482631d7c353dd3eee
Store/image_0282.jpg,Store,12,25d65c2d62960d186f188c1e6019961d1cc4fac6056f175d514eb67c56222e3f
Store/image_0294.jpg,Store,12,a602998ef38283b44e459486758857d563991c20f4aa78421f5ce0a8a1c78914
Store/image_0295.jpg,Store,12,b0d46e1f774b1aa563f1266d14887e9d871bd3bfd7340103e6b425a19545e6a9
Store/image_0310.jpg,Store,12,7c6fc38326e5a158f919b02e0f6cf866e95195ea46a8df439d0790e4db84f469
Store/image_0314.jpg,Store,12,268cdd2d9da3123cd0d502b30131b9982d3698387f4a693da2ea6f816d9ba224
Store/image_0315.jpg,Store,12,cb9b90d007fda0ac50bdc4149e0c028ce565a52b536c3b3fb0e1726245bed303
Street/image_0001.jpg,Street,13,ab6ba6595951a8676ef7d8b3205567437a72e49990d51c1d444976a4d61783f5
Street/image_0002.jpg,Street,13,a15260d91c38a38fa5db1959c702a027275e1cd2c2b22a62376dbafd0848df63
Street/image_0005.jpg,Street,13,7495cad9c8891900c67c514759b213e6cd630d8f313650dabd0583f0057c99a1
Street/image_0007.jpg,Street,13,98fdf02ad19f70b9e5363f4bfaadc7477aa17352f24a48adb8a88ae29b365c0a
Street/image_0008.jpg,Street,13,820fdb7ea7aea83e0359ee4e0285b9adb51589493db1079faa37883924b25dae
Street/image_0009.jpg,Street,13,a94bc4703c1810570b4bbd7bc74612ca1635db72c4d2b7b609cec6044d1bad22
Street/image_0010.jpg,Street,13,38904306b60555548d8034a8153aaa71078e7a8a11db77cadbd5f72fcc2311ab
Street/image_0011.jpg,Street,13,13dd8fed86ff78d1b96c0394496e1e7661858206c54321bc871fe393d4a1fc9b
Street/image_0012.jpg,Street,13,dd5c21edd4ca1b850e85636f6e5811a796982686fecc0964c880f7549203545d
Street/image_0013.jpg,Street,13,3c15c7a65c064ad1e00f9ba3c21cb6a394d76e1dc94e92d7eeb6c38f52b87c03
Street/image_0014.jpg,Street,13,34f4ebf6bfa76b315b8a2d4e5025140905513446ada761da3206186c189d0547
Street/image_0015.jpg,Street,13,b0a503ad06e994d70d365e1f4d22be2a9fdcb8a68be2ee284b772b495b59be09
Street/image_0016.jpg,Street,13,2ece999de3eef845493d66f8d18b1c5e4d5f0a150c998c35bf16740229abe3a5
Street/image_0018.jpg,Street,13,863445effb7991883ddbbcda46f650969c31f0fe3d6e3f60b7f6e059146b3c11
Street/image_0019.jpg,Street,13,f316a2a10ca6c8eeb11e15248de863652952cab1b91b361fabf55ade37155dc3
Street/image_0023.jpg,Street,13,74e1eeb292a6b796f7405db0eb19644b96d129c0c612377bacfb986d63887d5a
Street/image_0024.jpg,Street,13,88f4c45bc4ab93e6f4a7fa31e7ca1bb47b51521db17f1c6f01d8d94a4134ee3c
Street/image_0025.jpg,Street,13,b147ba753a22f1115d469b727ad6da6b857f9b976be75a8b6e37bc3179d10bef
Street/image_0026.jpg,Street,13,3d0a9d380355f7b71296a59d76c5128b5a228fb22b19411ae9d41778e3e87085
Street/image_0027.jpg,Street,13,8188b92f091a74871eea9d28be3dc70f5c36c9bcf0ebc3e8d386a6f1e3758310
Street/image_0028.jpg,Street,13,e33aaaa548b6ac3666bfbccaf2cd51fc220f7d52ddf3cecd146680bb35a1a060
Street/image_0029.jpg,Street,13,b7217fb14fd5c9cca7422231b663e62fd0b8a342181c12ac3095096b9c103dde
Street/image_0030.jpg,Street,13,c2ddf1218be6ed2d4d885e716833bad5a6b411d661860ae337e0afa8ce88cbf4
Street/image_0031.jpg,Street,13,a8e171d8ba0c97c230ffe55d97fce1aab06dc16f1fc058ee9c925539922086d8
Street/image_0033.jpg,Street,13,fd9f453b80ae5f6186fbf225b38fb3a5d75b0c8d529e7457f5319f4703975455
Street/image_0034.jpg,Street,13,b9f3607e255197ebe9b669ec4174c69e961b8360e1e0d210066e1d26e25fa041
Street/image_0036.jpg,Street,13,0b04bb170466621b51b1539d5a5bf5e0befa4dacc540cbef9d528a0a18bc77f3
Street/image_0038.jpg,Street,13,3ae48dabbae7942451828f95f34e3d0c49f6afcea59813790ba16bd156a01d56
Street/image_0039.jpg,Street,13,d90ff26c8f00bff88f123f5bae760aefc76a1dfae0a1fc1f5c157d079c9c48b7
Street/image_0040.jpg,Street,13,b021ccd09bdb8a36f25e2e217a9aa65790c13e8dabdf908bbdc3e3fd92a0d390
Street/image_0041.jpg,Street,13,2e42b412bd38d869c3383bc44054b5aafc7f889fc0393f038db56ebafc12f13f
Street/image_0043.jpg,Street,13,d5b16b6ae5566328a4ea7e5c171b5689774298164aeca430485b74e45bb043f8
Street/image_0044.jpg,Street,13,97bd40383075a1f74f0d6e2edea10aff32a0a8e2c2698bcfd77d8ab0a2820bc4
Street/image_0045.jpg,Street,13,aa8392468935d8439985144cfe3eb10c7ec03d9f9a4c738dfa03a80a3d8d4ae3
Street/image_0046.jpg,Street,13,840258c90cebbfd9d6097f3a70d9cdac598b24c491d6b6158200f98f49335b47
Street/image_0047.jpg,Street,13,2525e61273dc2b02193af71eff0c07f6c8023710755b4ac4e55eb81ce6041feb
Street/image_0048.jpg,Street,13,240f713e30b7414a1eabdff5d4f778e0517c54a47ae3687e55dfaaaf5f1c251d
Street/image_0049.jpg,Street,13,ca6e8b625dfed3a294323c2c00c559a45dd2ce48069248e483d779e94715a7eb
Street/image_0050.jpg,Street,13,59af4f0117f28a132c3bbdbf309566d2d3ad40148aa6b51e602dfd99b9c476a7
Street/image_0051.jpg,Street,13,d1dc2d1e2382b644336c721afe6ddbd011aa5fc9577ed805cf7ef4e7f48e38d2
Street/image_0052.jpg,Street,13,3a3486053b151fbac61dd36d97600552f83997a675ba7e708e87fb12be39a3c3
Street/image_0053.jpg,Street,13,2f9571e6ba1fca83890a6651793b72361189cd9c7aa7de1d5136e52ee95cd865
Street/image_0054.jpg,Street,13,0b9434a3bf85d3c8a225817f9fd68267c1c1dd15e4a7fd5dde5320eb25f49fc5
Street/image_0055.jpg,Street,13,cac14fa0a7df19d0e265ccb87e1ab0b123f5d2a78f891d7a2cf4fc06f4fc5dcf
Street/image_0056.jpg,Street,13,f03ad67bd10e52214ec14d2392eb98a34e36a4f584adb5eafffdbb39222d93cd
Street/image_0057.jpg,Street,13,a95eaa474becef9c09f5df7013d120ad9f926542ba2dc87eaf68cae36008a750
Street/image_0058.jpg,Street,13,8cc8e1e1dd06c6aa60bbac8f987203390165099d5971fee665c671749470d6d7
Street/image_0059.jpg,Street,13,e26b933246052da54f1b97c3acd7dd59a97cea51b093268598555462b69b6450
Street/image_0060.jpg,Street,13,cc5018803d00166c3abc5caa17ddde443d80899ed3662256c64b727b22a0bc0e
Street/image_0061.jpg,Street,13,94e963b6441c5608a68f88022ebd508979b221e725c16c789f3aab92a49a5d7f
Street/image_0062.jpg,Street,13,5693bbbbee535ad1884c0a1df4998ed5204066b9baf35bc0289388860663191b
Street/image_0063.jpg,Street,13,9b9f97e42864fac32a2472438634424f1801f47fafa366bc413499cf566a8f0e
Street/image_0064.jpg,Street,13,d9c9589fcbfd4562fef1ea82c311f407eb5d120c816b58f6a1569fcf4aae1e79
Street/image_0066.jpg,Street,13,b125c0d56fad268b796c8a11666c18f7b03479492e7e076211f7577d169e77bc
Street/image_0067.jpg,Street,13,8d3da0c5efd7773600987ec41d8c7e4a22806217b8539a07c910c108601a0a7b
Street/image_0068.jpg,Street,13,485ad94e7450720727232bface27791e64c2218aa1870235651d55f4346c1212
Street/image_0069.jpg,Street,13,274452736b5c9da46486a02d9f23bda8e41fce2f9f698cb899d312589dd300c0
Street/image_0070.jpg,Street,13,043fb92ae338a14a21590377d3b16b5e92ef130feff486444bf8ed063128fa37
Street/image_0072.jpg,Street,13,47e273c5a717df291c9e8826076f7f508efc48c020e4cb65348acb431b13a325
Street/image_0073.jpg,Street,13,4e1db110841bb03163f9eddc2fd51aec21f19bfaa6015a3d29a02fd9446648fd
Street/image_0075.jpg,Street,13,3e462b9657318204f3747a152c8a0abe4c9e914dabe20558d58b25302e793b17
Street/image_0076.jpg,Street,13,5626a3ade17bfb5c962159280d7f2ae8704184cee731ad6ead0f463878087306
Street/image_0077.jpg,Street,13,5d971afb0fc09043e989cad725f49e95aae3fe189e21eb1d94eb2cf0195ada1c
Street/image_0078.jpg,Street,13,a7aa4b3fb5cf7425579e790a81a62f8be0a15c35028e86e4f7f89ba268229a36
Street/image_0092.jpg,Street,13,292d99e5abb2bbce8133f0965ffd9698b486b4d3aef5fe295520dfcae078bf30
Street/image_0095.jpg,Street,13,9526b6f76ee95c0dbe31a073e2ace7e703773d512a42ac999bbce415cf4cce6e
Street/image_0096.jpg,Street,13,98429caa99171b85be3419443d5ce09959a9ee0505a404e343d34569b5afcc63
Street/image_0098.jpg,Street,13,b8facd2f62281b6cd0a554a3828a0e7e3bbc0ab7bbd9d41c96cea59c9ec11e5e
Street/image_0099.jpg,Street,13,ccf803151a82c69787510e2c42fec8cf2dc0494b611472fc6c0fde8dc55eef68
Street/image_0104.jpg,Street,13,3dc6a0c56d0080a3fe582d3815915ff703390d894e0dbc6af82b14f70bc7dfda
Street/image_0107.jpg,Street,13,59f0890ce572acdfe5688eb042018e1cd2d1f8a6a56d305658ffcfc7aa249f19
Street/image_0110.jpg,Street,13,b74aad869947b20d9080c5f1e837e3d4d3a32130c893d1d884e038ffc87b757d
Street/image_0114.jpg,Street,13,6fa5eeb0fe087e1d73fb078d94d5e111a1ada06f7a5ed0b41975c46a1f153b19
Street/image_0115.jpg,Street,13,19c9ddbe81e598142eba19242a82bb1c3fcea81fbde15156367be087b6d29118
Street/image_0117.jpg,Street,13,99f45ce42a9bc97465178a8a871cf6fd8f165af2897b86c1fff6923880e2031c
Street/image_0120.jpg,Street,13,39ef8db7d23802bcef1a4081a7ed26dd24b49ed330e9ee90e7c88f87d29fb7ce
Street/image_0123.jpg,Street,13,4a42889272d78319f3942bab9a0306aeebe8739247a7ef7032885f0e5523d83f
Street/image_0130.jpg,Street,13,16fd0c01fce32c72cc36ed7fdef9d7d99c149915ffee857d323cea8d0e0c5ca9
Street/image_0139.jpg,Street,13,8b73a49693aa64fca5c866f8ed1531c6ccd96b00a787106680300a26d3a3ec66
Street/image_0152.jpg,Street,13,802b7daf4eb3aff6775148f373d555bf5165a86b6f890ffcc80ce027146c726d
Street/image_0153.jpg,Street,13,1b03f5b07d0a898395243d1d7b9867c09c8ad228a037d312dcb9b4f5fd6b3f6e
Street/image_0155.jpg,Street,13,b17628bdeca8cd6f93dc76c5407cdfd0fb65973fce75d6897c80c17e211b2fba
Street/image_0158.jpg,Street,13,4f3422b0f9c5ffb90bdf7b2a6b62bb9aaee710b174e7b3f701774520f74dce89
Street/image_0159.jpg,Street,13,846c558a97bbbd3e88285d4775fc4b4c2a6365f84aa2823ebfd83c9f67095b5f
Street/image_0160.jpg,Street,13,d143108b3a42f3c141ab59a9574282899d339e5c93ce5c665541db0919ffe5b9
Street/image_0164.jpg,Street,13,c0cce897763467a70fa368d67e0141062dfeee8f28ceac53861a237b8807ab05
Street/image_0166.jpg,Street,13,7a37cd7d2b95cf6265843ffed0595fea13a4aaaded8f0699ea8e7fc2c86dc419
Street/image_0167.jpg,Street,13,43a2d1d3cd1834202521200807a205b336bc4990fe3277367273785383bd0177
Street/image_0183.jpg,Street,13,fb5244145cc90ce33c31f09c6a21f54c6a8b386197f8cdffc36315b2f6170676
Street/image_0188.jpg,Street,13,ca46a16d45a71b5be3bdebf5960079a743ce15e2b73d178d20497759c13259f2
Street/image_0197.jpg,Street,13,c1c02d43c6df93af50dbbd9852e10bcab6ce2816d25b126748ef2c3178a422dc
Street/image_0200.jpg,Street,13,313d50ac8847ff8b26af6247c82fc4a4d6f11db039020c727bea449f533bd90c
Street/image_0202.jpg,Street,13,3336e5d2ac2b62aeaf5e09694e4b540328a893ceb0a2dda2d5e6b33f99d87399
Street/image_0204.jpg,Street,13,03564b98d4c8b2d45a00072e6c3bbceac407e3d4e0123d0d733c5c6004a49c47
Street/image_0205.jpg,Street,13,684ea067362912d547365983037d7f030e847b298e852a40a7d6c9cbddd29289
Street/image_0206.jpg,Street,13,617f55b833340d33d948cd06ae68544ae6de5bfa6226afb9cfab97ad26eaf762
Street/image_0207.jpg,Street,13,8086ea099aed24a5cf002e8f6dc65e5def4d9fdef1a02924bc9979fab7efca37
Street/image_0208.jpg,Street,13,4d1732bbb521b32e7fc9261898616f7b247a5acc54a5a1b62a62036f28569b5f
Street/image_0212.jpg,Street,13,3733a9c738762104e88feebe3b4b777283bc17e62ed2500c9f6b94b0e806716e
Street/image_0214.jpg,Street,13,91bda9976e18eed8c20a0c79975be2e847c11fea6c556f646f3526fb54e7fb66
Street/image_0216.jpg,Street,13,275288c1d6871986b7a05b7f570f5ec2ec5d6afe7b8f351abb183f8af015c699
Street/image_0217.jpg,Street,13,11da05b7df1de42d89d748604f9b4f33dcb5613772fbf9bbc7172bec9f1efd3c
Street/image_0218.jpg,Street,13,82e7d3e8a2c1b8620b32399cb3d2ef4d53de0c75f05eabc4283053b9bfa0e976
Street/image_0225.jpg,Street,13,7b7f57e1c68b3ac9d33794dae7329035c907fefa6728b8f550ee7f0d9c9bfc0f
Street/image_0228.jpg,Street,13,50195b5d428bfed90aff6a5f5e425692ca87a4d6c0122763c664c775cb834449
Street/image_0229.jpg,Street,13,fc334e2ec15ff6b17c2010a818e91e5952cbe46cbdcf07180c33904742af01de
Street/image_0236.jpg,Street,13,5b5e3c2477542518dd857165bf5799cb930d9dd37e351e5c5a62d2688c358a36
Street/image_0237.jpg,Street,13,24527e966824098c1b4b1ca7cf26922ce83b0982d71172d5c92f3f08e16ff3b4
Street/image_0242.jpg,Street,13,bfe4297a2dd95d392275bcb1f5f746a7686d23a89b35d5fb1f2487197039f876
Street/image_0252.jpg,Street,13,33a551bc8d7ef4d078e44e397fed18da1f4b8c1165c8f68de0c04e2a632167ec
Street/image_0257.jpg,Street,13,5721e5a5303c833b208b5d4df2b0096fdb3657612ad3c036657ed1c8ce3b0105
Street/image_0261.jpg,Street,13,88e283ed0f82f6b8ef1c99106344f07c214e0c2ac86f9d0c183c85a7a87a178d
Street/image_0263.jpg,Street,13,3597376a6396c73c01c19adf4ceb6bdd44c5158d374ac845ff4b17fb92a3200f
Street/image_0265.jpg,Street,13,fbf23ebbc6f2f0d1c5c6b2819993f1228c8b30f23a399cc76aaca2df9791875f
Street/image_0267.jpg,Street,13,c3c9a8975e531cf1546c7e64a1a3ad05db1c071b3c5ff3baea873af4b41c3d24
Street/image_0270.jpg,Street,13,6b91008d2765fd7d0e6c8b8e9d28f23e47111ecc97426fdbadd1a311b91a49c5
Street/image_0271.jpg,Street,13,fe4a94d7f7772624a99a797cd713b93b0719c72dd061dc2d11299aa119947c77
Street/image_0276.jpg,Street,13,7363d7129a0335b7d4e5dac36bb40aa3f1bad405bae58a916a5c59ad80420df2
Street/image_0280.jpg,Street,13,dfa0843b75d734c16ddfc9df53758ce7759537fe209903e0d6fe547aefa3973d
Street/image_0290.jpg,Street,13,6e8dd95ad35a29c2c7ea8d3ba65c4c2f6b9e8e83cd47940000b8debea59b190e
Suburb/image_0001.jpg,Suburb,14,96e351494f4012a21aadc96ae100c4198da95cd9fff5174377d680c2ab768497
Suburb/image_0002.jpg,Suburb,14,f15b80cbb9202994d4e5db16c2d4cc211c4cf7e23fff413725943e526b260154
Suburb/image_0003.jpg,Suburb,14,9aa9f74854a11e7adf83095f62eb130a362b8cedee3d1fbf4e317c6032db5c23
Suburb/image_0004.jpg,Suburb,14,15d963a40ea0dcd999e122e47e93b6817e7103ecc76c330e3db3ce340277cde3
Suburb/image_0006.jpg,Suburb,14,915ea8207690e349fe9958bd86b2d32da1f1ca67036eab2e35f1fe93a8f138a5
Suburb/image_0008.jpg,Suburb,14,1a563e3214fb17a10328b540638200f70107cb27b62ff30c8a6703ccfe6dcb32
Suburb/image_0009.jpg,Suburb,14,f2d0dc82a3c9fc4b7b83a56d27c1c0141539afb1f20d44b97be1f55c888e46e6
Suburb/image_0010.jpg,Suburb,14,5f4269eb4321d2cb21b4a291224db31426906caefeca628f13738470e12cc0c0
Suburb/image_0011.jpg,Suburb,14,2ce12f694a1a0907f195b8cb908d7a03c68fc7f1017991ab82cd2f2aaf5c47f3
Suburb/image_0012.jpg,Suburb,14,9992ecc7f59d3bbcd4c687fffbfa1a58fa7600ba86d085a0e8e5a350bea49510
Suburb/image_0013.jpg,Suburb,14,9e54a538c6426d75cb1c2f6c3172219a7e19053d72be657b04f6228114578017
Suburb/image_0014.jpg,Suburb,14,10742659c270a2fe3617bdc1c0fd4b4131174d0d63f62358f37eb5890a1df6ec
Suburb/image_0015.jpg,Suburb,14,2614883591c1ec9c4b5974b3c8e5ffd91a57e6548249072c90c588aa40969c87
Suburb/image_0016.jpg,Suburb,14,292b4ed9cd30cbdd0e2328b4c749b08514d9cd81ef275f094f734d802b6faf38
Suburb/image_0017.jpg,Suburb,14,4acf8f814cf0b2ac7d493d7c3c565ac77698f4bbb808062761c33967e1285ab1
Suburb/image_0018.jpg,Suburb,14,4c682fd01a0887bb5a316449bba8d663b93f1a64033da80fa2d70ea9742c0f12
Suburb/image_0019.jpg,Suburb,14,0e57265ec7afdfb08483bf5cbd0b054c9d700cbb64d71c39b6f795424ad568a8
Suburb/image_0022.jpg,Suburb,14,479c6d916e8d3f863a5625fda60d450d399944d5cd83142b7037e108e85544c5
Suburb/image_0023.jpg,Suburb,14,eebb9d118f73ed4cf16c6da5ff06ce9edc85e2fcf24e978cdd1010630176f240
Suburb/image_0024.jpg,Suburb,14,b36e795fc67e36de3d674e504623910274786bb7600d7ac81b3dd0280f08049b
Suburb/image_0025.jpg,Suburb,14,2f3244cbf955e5beb01b212047bb42d5b4bf35b846487c1f24470cfad42647c8
Suburb/image_0026.jpg,Suburb,14,426f6329c0e95c746c103c89de8c862f873690cdbd6893d1340c442858874cd7
Suburb/image_0027.jpg,Suburb,14,25c396509d32b022a5837382d7851df7c8f04bfef4ccc7dd36cbbc39f2bd5161
Suburb/image_0028.jpg,Suburb,14,d2e9c24dc6d25fea3e46ff11b7534de2b59ef1127d14dd8474cc45ea482ce9a3
Suburb/image_0029.jpg,Suburb,14,1350be5e734227caff3644edaa4a300e3f3a023185c99e7b882d4a12dbfe3d54
Suburb/image_0030.jpg,Suburb,14,a59f601776ea469ed9f555d9c387a9a9e6a8d1792d51697ce5c2e8b750a93883
Suburb/image_0031.jpg,Suburb,14,a3c9574e5ccd75b5e7864a5012d767492f9178fa352bae41d317a091724ed074
Suburb/image_0033.jpg,Suburb,14,7327d978da5515ec03e37843fab5dfcd59a7058601a7284e20862f523ff64cd5
Suburb/image_0034.jpg,Suburb,14,303c06673bb960875a90b57b1f780919b76a4bef106a2d3e3a172d5d67e355e1
Suburb/image_0035.jpg,Suburb,14,25ae9a2c203a3503fc7725af8fac5c8b96b35b643d875182f02bbc01c48558f2
Suburb/image_0036.jpg,Suburb,14,310105e08c384cd54bc8e41777a108cb04f43a7bfdf7a4c4143829167ecb9718
Suburb/image_0037.jpg,Suburb,14,4063ca05e9c38c0f161e3189ea375741f33e07f42e60826056d7e785256a1c0a
Suburb/image_0041.jpg,Suburb,14,b4720ec6d9c6765e86df0b7b72234f144e7f57faa71da66fddac51f42728febf
Suburb/image_0043.jpg,Suburb,14,070d3ba83429e483d3f115cfb2cf4977db4d06011d033ebe6db65e6f82ca596a
Suburb/image_0044.jpg,Suburb,14,2d95f61f7767cfc6a0d97268654caadf9729bb2c0b96a18f32153bbd26e1a968
Suburb/image_0045.jpg,Suburb,14,dcc9274790b1d433c5bc66a39fcef9ebf3007a963da3e9e6557994d704487f3e
Suburb/image_0046.jpg,Suburb,14,86e2b1a881fa63c01835a470f7087a5a74f4668de26d2becb0393bfbd73e2b19
Suburb/image_0047.jpg,Suburb,14,fe1e72f9d016322de7122e321f95c74a709f83d54c3ee4e9e6e67a54ddd9e041
Suburb/image_0048.jpg,Suburb,14,c4febde0d8bcce7e532c67f3d7f9e94d244b381fe9f73e251bb7ea48b5132788
Suburb/image_0049.jpg,Suburb,14,a9f4692a6cb27320c2b7aa8d8d6ad70e63d779e6c9c3a2f5553b33ea656e89c3
Suburb/image_0050.jpg,Suburb,14,bdfbcab99c8967c0ebab450f8d88574ff08e9b4db84e28ffe8d6fb6ab26cf4da
Suburb/image_0052.jpg,Suburb,14,025f610608b13f0eea9b680e66b803a3a49b0f50420d5cbc6837646ed5b35ae7
Suburb/image_0054.jpg,Suburb,14,b32ab8a488a904f8489357a31382d18d779b3e8700244a5ab83173cf6781d143
Suburb/image_0056.jpg,Suburb,14,f2ce291f11838f5cff9bc7800f89d3e46626219e118c12fbcd88eca0606a9d25
Suburb/image_0057.jpg,Suburb,14,5fd32e621e3dc4881cdfdce1d3b7fa7b02361e5966f9e0d700e1b30de41941c0
Suburb/image_0058.jpg,Suburb,14,fdc3e245918520f78295485dade7a91cd716d21513786cf798ccec99d1e18943
Suburb/image_0059.jpg,Suburb,14,5c844d18ac498f44c85d96679a448ac6f1fa3560452bd3e9fc65f1f4dfc13799
Suburb/image_0060.jpg,Suburb,14,2332dda73f835448f6d6eab0e97aec4ccc91176e6c4f07ca9ff0afe81c0b48bc
Suburb/image_0061.jpg,Suburb,14,f5c504457bc76b7afcd8988b633140ce13f02dcd026a90dc7a63ca0321afab61
Suburb/image_0063.jpg,Suburb,14,d5f96c8929bd681b0ccd3441b50df66f8134edf5a99ca9efedc80a8422c25d4c
Suburb/image_0065.jpg,Suburb,14,f1c7766e2c7e449c2fdb51bc119fc9dbe04017782ba85c4f071476025efe723d
Suburb/image_0066.jpg,Suburb,14,4a1cc82538287dc7302ced9ccfd6d5b1abcc1a3e7d9a209c5dd51b3fcfcce61d
Suburb/image_0067.jpg,Suburb,14,e029f78d9f617015e44474658dca8f5bba17055166d6fac62f8da22c55dc709f
Suburb/image_0068.jpg,Suburb,14,42b128dcc90dce803658e3fef78d7850735ccdce3bca98024191b1774450c291
Suburb/image_0069.jpg,Suburb,14,1f60cd68992c681156f5d10ba1aec1e747b78ddbade5210cc7771be88f678f3c
Suburb/image_0070.jpg,Suburb,14,585025fba4bd4000906a41f3bee5bb4b228561a95f91b57216f59c00f9a7103d
Suburb/image_0072.jpg,Suburb,14,c2b5b37719f24149ce86eea6f02509da51c68e4d909f95325f5a90701ec1179e
Suburb/image_0074.jpg,Suburb,14,66483940152fbf7bb651bbbc615522c4eed3e5902c28307e9ab03aa6ac278650
Suburb/image_0075.jpg,Suburb,14,1926202e7116754efc50bdab5eefd8d1fef51f07e1c42efbfa9962175bb5e2d2
Suburb/image_0077.jpg,Suburb,14,adae3774fff3716b782f6f43258e4571c53adbe8bbea4a5e5224e47c606b4e07
Suburb/image_0078.jpg,Suburb,14,2914e2b9a689172c00480d848637ce15a85df0e39e2b935a298617f525c13481
Suburb/image_0079.jpg,Suburb,14,d2793be9b484c0b63ecd17129f5a54ef29ae64152c808f537e9da6879fb1fc1e
Suburb/image_0080.jpg,Suburb,14,35cb58b5dc03d7ddebfc42b12e353c765dae6a71b30dbd0d7d1c813f4d579368
Suburb/image_0081.jpg,Suburb,14,281c9b99929177b3a6d431221f2610a952c2e859b1660f97f9ac09843739f105
Suburb/image_0082.jpg,Suburb,14,73346a9527cf49298ec6dfb9ebdbfb194dadab40789c13208b79ce3ab8bb84ea
Suburb/image_0085.jpg,Suburb,14,a1b7b3ef0915ebc19ad4c6aeab714d1e0bbcc63565f782f831fb7354cea886ca
Suburb/image_0086.jpg,Suburb,14,ad52ab40e5421ef0d630014203c01d400c9e177c7320e719f5e4cc9fb6855510
Suburb/image_0089.jpg,Suburb,14,ec9f14467f35162fdc700e7f68a9e5bab8639866fdfdc6542fdae9814620951b
Suburb/image_0090.jpg,Suburb,14,f36db10b27bdc84cafb54d12a65ca6dec7039d7d70c774cdecbd9277eb92a17a
Suburb/image_0091.jpg,Suburb,14,f2b5bfef6c1d1856f9178f8ff607df02c4c6f4e7b4eaf507d470ad314ef11c8a
Suburb/image_0092.jpg,Suburb,14,8003971acee755001f4506bb0269bb2a2732603bd6b8a4e979968d4cadfc6552
Suburb/image_0095.jpg,Suburb,14,95f145339ac190d74aef66c408bab7565554458bc5c3d82631ca1d2363af6178
Suburb/image_0096.jpg,Suburb,14,3f1e8dfa74564ed204750989b507943ec2dd3c87bb93b0f1dcd34afb43972f92
Suburb/image_0099.jpg,Suburb,14,b5ead996c02130d8e1d87c223c20fec46ab8892b780f523784dfb75c8d1a35d8
Suburb/image_0100.jpg,Suburb,14,942a29990e31007be4de5d9bd6f32f0116681dc62c5139d28f8b3e38f4a3da6f
Suburb/image_0104.jpg,Suburb,14,1d50a90b2d943a5797af4dc57bed123b76ba815d47d8ad503dd1d1043e07bafa
Suburb/image_0106.jpg,Suburb,14,73efdd0a4a415eb7d0185ce1e59f993440b0cc12741c177db7b5435038a37779
Suburb/image_0109.jpg,Suburb,14,27b5bcb2bd5e766f828f0e4c8a795adad1550349bd16348d52be650c07ee64d6
Suburb/image_0110.jpg,Suburb,14,3b9ed986021da851726b34c11c7d00f185ebdf2968c4587d4c2f72c843d434b7
Suburb/image_0112.jpg,Suburb,14,ad2b183642ce077048fcfc2f20b1919980aac94faba3e93eeef81aeda5370bf6
Suburb/image_0113.jpg,Suburb,14,0d1bb5eedeb3056008488a58531c0474d946cc063c6451a1be4d21a13d397aac
Suburb/image_0114.jpg,Suburb,14,1bd10aca44157d85e9dcedf360b5235513f9ce8d17edec9687fcf7429ab13d5b
Suburb/image_0115.jpg,Suburb,14,b9a3f8de07662e8171b171befd424195a6157b8fbc52351116f55ce11f0ff301
Suburb/image_0121.jpg,Suburb,14,32270fcc4da13f565391feb20a00ea37e04f69392dd884933b2e78d87bcfca39
Suburb/image_0124.jpg,Suburb,14,330dcc8d957a426f41ce49f084eea43b0536950a1933e7a2f999d6fba4bbb1c2
Suburb/image_0126.jpg,Suburb,14,b652d88864cef6937f06f87ccb41ff4988a88b8dc2e0c87a0fc56a7c1db08ed8
Suburb/image_0129.jpg,Suburb,14,557876ae4935403b5837b5dfe3e10526074883815f4946ef2bc2ece06e32fd82
Suburb/image_0130.jpg,Suburb,14,9e9d96a2f44b3209028fae379b6aad0a46ce4f0c7fcf87e0a3bf369dcba8f35b
Suburb/image_0131.jpg,Suburb,14,b58cc59fe140b71de1d1de6111c1ade5d7a86c2b45bcb0aa95f09852c642bda2
Suburb/image_0133.jpg,Suburb,14,086d7911c3f9186f24ed662af8730e44bd7717ffa85c6274acb71f0fc0b9887d
Suburb/image_0135.jpg,Suburb,14,d2e592fd624dd1e49ab8520e9d6a1decbe040067948dc2f30fff22bcf6771720
Suburb/image_0136.jpg,Suburb,14,5635976b5345a448bb82361c35850f360a1c7aae5eaa4cd399e020701df4faed
Suburb/image_0141.jpg,Suburb,14,ca2aa5d46910081253d12bd6349ee73448fbddb79007348f41efbeec799052dc
Suburb/image_0142.jpg,Suburb,14,380000b4fc118c3c20bd613ab49cb86603f8e394c5149025ae8908e0786b5c1d
Suburb/image_0144.jpg,Suburb,14,2a84ad5e300e201553dec739b8c206cf1c96241c793025ce1d8920725c9fe737
Suburb/image_0145.jpg,Suburb,14,c374e8c0741941eda97ded3ee1624bc1c5a9de12f8955d400a24b55f2a35f966
Suburb/image_0150.jpg,Suburb,14,1f08408d6a6d5e916b4c4bea2674edcf98ea7110da3e8a4488734282b3881370
Suburb/image_0151.jpg,Suburb,14,cd996b64dbdef4717ece2679341f1377aadac28d1910f1b9e1ef5c4eee0c6b82
Suburb/image_0157.jpg,Suburb,14,c2d8337741a35d88482c8d01eaba6582875261b85c1a8692573f1d76acfebf66
Suburb/image_0159.jpg,Suburb,14,21368a2c37c9a29455f6b2c6e7d04cd6614d3bec8c444676c9d43ef48ce17ddc
Suburb/image_0163.jpg,Suburb,14,7b7f6ab773857da8c7473f3afd1f270c6077103880885d2989f1dd6e28ee0506
Suburb/image_0165.jpg,Suburb,14,91056d14f02ce5dac60d67308c3cf0f5988fa404c5f2396d7a141ef602cf1f83
Suburb/image_0170.jpg,Suburb,14,62b8c4bad9a8575eff41c6eccec5928fc14f893447a6510863e0983938709644
Suburb/image_0184.jpg,Suburb,14,7489bd082f6b48b923fa0bbd0dcb53f6599b32d8d3ad57da642e7340e81abb63
Suburb/image_0190.jpg,Suburb,14,87c3f2bccea5d3ebbc47c8eeb2002247d1206c742af7297874cefba573658384
Suburb/image_0191.jpg,Suburb,14,61e482dac3f890620b47f7a5772bc4aeff15198de7b5e3c80f2322df0896438b
Suburb/image_0192.jpg,Suburb,14,9fa4ed61e8090bb526a8e031e2ef98eb778b73cfdccc4cec2723eed6bef8bbfc
Suburb/image_0197.jpg,Suburb,14,a5859d061d0a1d94af3b30e130ec313e73d0a5b8fd1ccfbf9a815fc71f226cbc
Suburb/image_0204.jpg,Suburb,14,6b023f2a21194178d87f6d916f4f780d0d30af8833d5b54314d4448fd1c09149
Suburb/image_0206.jpg,Suburb,14,94aa9867f1b435b86353aad8586e527a42867a13a8aa81946069ca207c5b0fcd
Suburb/image_0207.jpg,Suburb,14,9b36fa2f778d56d5578307b0c1d1ea4f91970e4bdb5eee6a637b1453a0eadc61
Suburb/image_0211.jpg,Suburb,14,e0480d8332aff653a862f0295ceed1a5d79c83afcbd56d338a30f79cd5844763
Suburb/image_0216.jpg,Suburb,14,4d64ebbe612dea64c0e295f783899211f745ebe2cb805342cd1454268ea2ff95
Suburb/image_0221.jpg,Suburb,14,a5303aebbe65293f1be879f519e37b574954f25ea1e69b6bd952282913123ff6
Suburb/image_0230.jpg,Suburb,14,366805b686c5bf2307a9f0ed3399186a5c7c52e7ce25b5c5db07b8a2ff03ffca
Suburb/image_0231.jpg,Suburb,14,16da61dbece9bf2b383682f08078b3954e1b26649eee5cec7f377bc942232c8f
Suburb/image_0235.jpg,Suburb,14,cadb4b3ff7d7d56cf6fa1a0d6e4957fbff3608067a19da93595d1c5a07db2491
Suburb/image_0237.jpg,Suburb,14,ca618631ed5eba3ccf7dcb24b5df01999d621daf7130a3bd1c82c09797307a21
Suburb/image_0238.jpg,Suburb,14,d1bc5a5e5fbef7c5ee5031e9ebf9edbad424a4df2e00f18130587f574920238c
Suburb/image_0240.jpg,Suburb,14,411f921df6031bded274241eadefc8a38d7b39501b0e5343b732aea729ceaf2b
TallBuilding/image_0001.jpg,TallBuilding,15,79f73f920c1ca269ecffd5d0d832f98fc48cb34e914e6534e5292dfb6b09f768
TallBuilding/image_0002.jpg,TallBuilding,15,84d14f3bf4f11291f88c60991717996df151e0146409e3a5e3ca4f3eb3a34416
TallBuilding/image_0003.jpg,TallBuilding,15,ef9543022d76c366db754922eef4efdbb6f338d15ab204f4f66bca4565340e9e
TallBuilding/image_0005.jpg,TallBuilding,15,d0a01d1ca4626f711d880e2770c6b011a2e13be5c357d89d54ce66bd31e625a1
TallBuilding/image_0006.jpg,TallBuilding,15,473417aed774bcf501035cc46e342095764ed07d8eec71555802be844928f14d
TallBuilding/image_0008.jpg,TallBuilding,15,6951eb00f976714ee7361d3433aeda74d4654f3e28738335862483bb4099e2db
TallBuilding/image_0009.jpg,TallBuilding,15,f54520378f468c1710ab9810b17fa029df1d97ebaa8b817f1d75ec10ad8a5fe9
TallBuilding/image_0010.jpg,TallBuilding,15,f0e36eb79593734f2884f6b9986cb0bea4be80031e191a842dc804998a1456a9
TallBuilding/image_0011.jpg,TallBuilding,15,d605b708dc2ce1313ac75c7bd40d96750c80f8d122926e74a644661b041b9cc7
TallBuilding/image_0012.jpg,TallBuilding,15,5341993422346475b0a95e88a66394de0c9dfe23f6b5efe3f3f721b924d4c5c6
TallBuilding/image_0013.jpg,TallBuilding,15,1dc77913cd15f13e0f030aa5a1f7140d97247119c66af7f6645ff6ef42737392
TallBuilding/image_0014.jpg,TallBuilding,15,18d689d60027b40386702df8d0ff40761ffcc5e1f0d71a92c94da39a0f2322f5
TallBuilding/image_0015.jpg,TallBuilding,15,173f1251d09b3b7661ad9fc571795eec82292398cedecfc9ecdd333684243b80
TallBuilding/image_0016.jpg,TallBuilding,15,d653b01f8c7715d74d7b078f843716b3a4ee1d96da24e0bb70b5ab9885bd5856
TallBuilding/image_0017.jpg,TallBuilding,15,c9ccec43bb01ba8b0e20a91984109182fe0d5fe1d8a1861032be8f7ef22e57da
TallBuilding/image_0018.jpg,TallBuilding,15,5ab7f63301df5bbe28fd940c8b32600ba411905c9f77945fd3226d20fbd39bb6
TallBuilding/image_0019.jpg,TallBuilding,15,d14a644b8574e3a8d78c83892632f4c8f1be5e8c59b7246d616d58f2a6cdcf4d
TallBuilding/image_0020.jpg,TallBuilding,15,9957c2807fc7dcd291cf052e73d26d9a54306f4de6a650d74c293b801f91c0c1
TallBuilding/image_0021.jpg,TallBuilding,15,6bd465109b586f87555eaed01ac7a5a106cb480075ad91992d091e5edd11e819
TallBuilding/image_0022.jpg,TallBuilding,15,5d92ebeb95de7d6dc9e4e2ebf6f6bab86d597b82cfadd7e75f11ea862e94f698
TallBuilding/image_0024.jpg,TallBuilding,15,34c231575b1b2a2231979c3c5ff39d3487075b6fbf7d77b53260865a801f2bd3
TallBuilding/image_0025.jpg,TallBuilding,15,141505aa66719d0c06e6154c6a263da15bfc4175403440ef97384d46654b73ee
TallBuilding/image_0027.jpg,TallBuilding,15,9af25d38608860051eb4d8ba17bd2b07575958f57c1c89e13a2afa0055f125cd
TallBuilding/image_0029.jpg,TallBuilding,15,338f4cfef4fa5697f4a19534bd35e5ea6e95e8d5624a14fb97b95396490b4c54
TallBuilding/image_0030.jpg,TallBuilding,15,93c5395e00917c0305a776df0e80236de0ce690ed53cdbd34a7b770f5ccebde4
TallBuilding/image_0032.jpg,TallBuilding,15,4eccbd769de2d64593be95ede4ddc7ef63d93128c31fad89f7f1c7d9ed7cf8c4
TallBuilding/image_0033.jpg,TallBuilding,15,d2d62fe50c31f129f51d11f761918cd5d2397c0a3f06d43bd8677b36d6b6b7b9
TallBuilding/image_0035.jpg,TallBuilding,15,1c79deb1b93f6d847eaa1774da745c4a38c542d9d4eec9b41401ad7274e6ee4f
TallBuilding/image_0037.jpg,TallBuilding,15,45e36b605dda8bb5ae202173adb096d4f1b34a8f4717204030b1bf4090adef4d
TallBuilding/image_0038.jpg,TallBuilding,15,5ffee347a5c37381defafa30446c8f6a891088f05f5e1ba26a72ead372a8443e
TallBuilding/image_0039.jpg,TallBuilding,15,9202f4ba399f9c4183168fccfca5e03649d65dba53944956185a9cd4c459ec1d
TallBuilding/image_0040.jpg,TallBuilding,15,8a5cc66576382285979c380cd61a4e303b612948b1ea1161930917439c2bbd0e
TallBuilding/image_0041.jpg,TallBuilding,15,81cc0d39fb6da7ae7022d4d900e15bee21aff7e32ff6149b020ec6bd35df182a
TallBuilding/image_0044.jpg,TallBuilding,15,c9aadcd56616ceb42f9e0d37216850d136099f50f066db2be8bee0fa4844b0c5
TallBuilding/image_0045.jpg,TallBuilding,15,60cd02d79bfa1a12ad50adce28a2871d7fa6bf3e1a7f0e093bc8b83a0653491b
TallBuilding/image_0046.jpg,TallBuilding,15,2249a5f37c315b1264c66f0f2016a4165dfcefaae6ff2d9f658c48bc99ce415a
TallBuilding/image_0047.jpg,TallBuilding,15,ebc6e7c70e8a03d84c4737ae868769e44f0fedb92614d4b3de8000142f74acac
TallBuilding/image_0048.jpg,TallBuilding,15,9f3d0f70832d4194ece6f721e25b278aa7799464d1345e92708cc0445e6dc86b
TallBuilding/image_0049.jpg,TallBuilding,15,37dac0eb113f3c8538989269443b65c5b781db946b917d8369aa97dbee248caf
TallBuilding/image_0050.jpg,TallBuilding,15,3dc1da29c8a999887f503afd92346f26c8a7b5a0fe24d1b0b095ce297dc623db
TallBuilding/image_0051.jpg,TallBuilding,15,253564fa307764c4a151dc381f16391456947aa4e1e592bb00d3bb28816ed496
TallBuilding/image_0052.jpg,TallBuilding,15,672b11790abb4473c570e1fe22b21c6b8fd0773b8aba20322c862ef4ef7c3db8
TallBuilding/image_0053.jpg,TallBuilding,15,22343b86372f2639c07dadc85a31db56baa1cb609c6344a7cc62867b1f6c8a56
TallBuilding/image_0054.jpg,TallBuilding,15,555ae19e3be268938b6b832be8c1c18dc2cc386760f9cebce58f958079fef3e5
TallBuilding/image_0055.jpg,TallBuilding,15,7e4795e7e5e000ec9b730dc7ed276442af4b7c19362b8a2375e2fc53a90f26e6
TallBuilding/image_0056.jpg,TallBuilding,15,1098bc12b1706096e4d83e1e045cf20f1e064fd21093f0899cbcaffbe611e428
TallBuilding/image_0057.jpg,TallBuilding,15,03ec58db8c806a7e824ee569194af51537e5f05856829563bf940505695ee632
TallBuilding/image_0058.jpg,TallBuilding,15,b0ddf0a0a4b74b9c4e63021bb21200a82b2dccb34855c8d3e85fb2e137d8af79
TallBuilding/image_0060.jpg,TallBuilding,15,4cd2c1e87ae6ae56ac86edcd3c95e09ec9149faa9690dec7ed214628903ec13c
TallBuilding/image_0061.jpg,TallBuilding,15,d1de15317534fab7c38f4169ad115db057742d6378a93c3152a5e2c21aa25773
TallBuilding/image_0062.jpg,TallBuilding,15,bcc55483e825c892d8eb8a75718f51553a540d23c90dbb9c552395039d8c58b0
TallBuilding/image_0063.jpg,TallBuilding,15,076fac4d7565bd304cf0236e083451086b226ad4887082cd6c7fe405597b247c
TallBuilding/image_0066.jpg,TallBuilding,15,4695de48574bff6260ec2b973f72977ab2369fedd57c1e602383882ec068e7fb
TallBuilding/image_0068.jpg,TallBuilding,15,1f6ff06b4e67b121ba2d43bddb60a1d84ed58f152a14afe66d16ff10951c7b31
TallBuilding/image_0069.jpg,TallBuilding,15,c76dd2348a00fc4888d5478cda2981d3e7a6e6b493963cd28a7b398b28ff32b7
TallBuilding/image_0071.jpg,TallBuilding,15,e4ef92d64645f821c8bdc32bed36d4714e9c51c19bacf88069cc5bd5e46766cc
TallBuilding/image_0073.jpg,TallBuilding,15,f31f4ab40bd9383ae300c4251e5e85625a61620cc549035c9380fe14bc04795c
TallBuilding/image_0074.jpg,TallBuilding,15,0e5bfc8406aced3755c567f772c667b9e29943ee6c4b4cf8f55a9300fedc1f3d
TallBuilding/image_0076.jpg,TallBuilding,15,a5e2633b6f1bb6ed11bf31b3e762a9312c8def17a05ab3da1dd3a3b17be7a2e8
TallBuilding/image_0089.jpg,TallBuilding,15,4f43100176900e0b1db183dcfe6313be58aee99e5b543e143ed54f82fd45176b
TallBuilding/image_0090.jpg,TallBuilding,15,fc690b58a6ddde6ced329525e767465290cf10cdc44ca8c0e8c00093a3324164
TallBuilding/image_0108.jpg,TallBuilding,15,e9b80327b4921121c7707de6fe8e77274d9cffe5e0fe8b90da3c09b72bdf7a82
TallBuilding/image_0109.jpg,TallBuilding,15,00d75214db2107082f8f084bb339364c2db0b7f8158ac344442de281a8ad8ef8
TallBuilding/image_0118.jpg,TallBuilding,15,c5756e785b08215513a625f4948b0deddc3404f3505ad8b92da524b2e05f890a
TallBuilding/image_0120.jpg,TallBuilding,15,dfbb4ce4c1f9b0c1aef30fb3604870845e3156e21bcdaf5d9a764af1ecb6f51c
TallBuilding/image_0124.jpg,TallBuilding,15,ace917652de99f35c7db1997d636f1666d0bf7a46591c268f96c7a78b1615222
TallBuilding/image_0132.jpg,TallBuilding,15,468db2e69d353cb27632d64ce51411a0d9f2a2665ffce847c4e51663b45eb0ae
TallBuilding/image_0144.jpg,TallBuilding,15,fc41775794b967575495ae0b1552eda064d540816253fd5349f0aff13f25b19c
TallBuilding/image_0145.jpg,TallBuilding,15,a1b249e1d19c2f971115756119bd1acf5ea91e6d06f2f9f427c8d0f45549e058
TallBuilding/image_0147.jpg,TallBuilding,15,b5b407ad2506996a57158aac55c7b032e1b66544236d7f365dbf7cd38bbc5730
TallBuilding/image_0148.jpg,TallBuilding,15,9e0ae7512027756e51a9af57d8d2e67e692089b73111b0714eba61ae500c7052
TallBuilding/image_0152.jpg,TallBuilding,15,9641c1c540a2363dc0816bd97ae2b3c7e119805b6be4219814e40502ebabd988
TallBuilding/image_0155.jpg,TallBuilding,15,a8f82164470a694324a5f06becafa57fc8fb6701b39cc8c3cdffd35255bb4910
TallBuilding/image_0159.jpg,TallBuilding,15,476e0821f5937e29c66d153d1dc3ac42ad3d3e11a0fe004abcc50894723830e7
TallBuilding/image_0166.jpg,TallBuilding,15,15b7242022d20c965e9700f3f9de7251fa78012b85cd45b1fbaedde99c1a25f4
TallBuilding/image_0174.jpg,TallBuilding,15,fabad683cbbb497b206307aeaa1b30b0fae0eeab393a89b7b0c31c7b33511824
TallBuilding/image_0175.jpg,TallBuilding,15,1146e76dbc961b094121d8c879cb5f102bb7382eff98c6d99ac3573654cb5e3c
TallBuilding/image_0184.jpg,TallBuilding,15,90b16d6c447856fbaf5b65d43da54e677c3f548b305233e7b95b9afc3886fcaa
TallBuilding/image_0186.jpg,TallBuilding,15,16cbd3ba16f8a7e1c090f90913b24b50574bef5ba0537e9f4dab932854f6b020
TallBuilding/image_0188.jpg,TallBuilding,15,3bdad39de94205ca57c6b467c55339c3d06c576607724dd865f444340408f8a9
TallBuilding/image_0194.jpg,TallBuilding,15,2cb4afc34e165d4fa84c144affb3648213c17c749b6ccf2daa42ad288049491e
TallBuilding/image_0203.jpg,TallBuilding,15,931faf8b04559f0504208c240ca177636856c9453ec4207a2fdc603091add064
TallBuilding/image_0206.jpg,TallBuilding,15,bdd62b4f0831a64472300850f5d91cd815c5411fbaaf6c4698dd979538898196
TallBuilding/image_0210.jpg,TallBuilding,15,9be88e5c899e0802709072feb682bc77be4d3b40f9da672df0d4ce3205affd7a
TallBuilding/image_0215.jpg,TallBuilding,15,b1150e980e4327022ba72b8856c9da4868071f3836c85caa6c5ec7b3ce1bb3b8
TallBuilding/image_0227.jpg,TallBuilding,15,929be00760eed13476c40358c0253ee277dbecb380c183c2ac7b23468224561f
TallBuilding/image_0231.jpg,TallBuilding,15,9c852010c7b74bb6a242cd547c9f2effb2f27400b7bba8523c70c13735a22069
TallBuilding/image_0233.jpg,TallBuilding,15,6f62986e9c208704f423915ef38c7cda87561bd1806840120fea0269616cd166
TallBuilding/image_0240.jpg,TallBuilding,15,bb7be4fae5de71452126d2f819fcb5f28cb361ca9dbdd74da6de6f8922740821
TallBuilding/image_0243.jpg,TallBuilding,15,5fd90fc5a182470b9adcbf658ef853a452d64bfad0b06c0aed26df896d77f6de
TallBuilding/image_0244.jpg,TallBuilding,15,0fd9d2cce45450fbf167dc999bca622cafea2e9a5160651bcbcbc997d1ef6a92
TallBuilding/image_0247.jpg,TallBuilding,15,14bd16f1549950ef8b03514c00f88183a488464d65dd761b74918476cf4aef2f
TallBuilding/image_0251.jpg,TallBuilding,15,2d86a7243a84b9a779d4685755b4d28f645f7de56cbaffec5232b0b3a84063f5
TallBuilding/image_0258.jpg,TallBuilding,15,2aa61d9281c2b5ea5ab43c4c04f36c9ccab7c46a1d86fc5eea06d85e21746940
TallBuilding/image_0262.jpg,TallBuilding,15,014eb0b748e29c37e0d11f1830a4a2699099925ed1a6189626ab5fc95336facb
TallBuilding/image_0270.jpg,TallBuilding,15,8598a93ddef6c5d3d90bedd8c26455db14d5f015222f49b05db5d2c4022d3805
TallBuilding/image_0273.jpg,TallBuilding,15,f1bb39dcb475715f80bacc84e7a20daf6406dd9dd8591eda5cd39b2df2692793
TallBuilding/image_0274.jpg,TallBuilding,15,a78919e2a9b0d46a76e081b9e0e2bb5fd4a66bc2289282c452165cc933946d30
TallBuilding/image_0275.jpg,TallBuilding,15,757629c2c9d9031b9749e6bb107d77db9319d6b796a734d9e16851ef2f509960
TallBuilding/image_0279.jpg,TallBuilding,15,65e89dd18d6b80863a1fbe4e4c9e575204f8c3154c3a109a8606d111425ee047
TallBuilding/image_0280.jpg,TallBuilding,15,29b1f91feae4d2131b47f355258837eb38deaa355b7dd899fc26f92f6b5b4bb9
TallBuilding/image_0284.jpg,TallBuilding,15,3297d47734912e912a26b92555038a3205e9aff5193323d323e89d3809e53ecc
TallBuilding/image_0293.jpg,TallBuilding,15,0a9629937374b67068d292fc610bc0c4a62194450d7e307071b812df1f2aad55
TallBuilding/image_0294.jpg,TallBuilding,15,92fecd60e0be6b9546de4061fb2f44c408236cc18dd90952db453a25dff792aa
TallBuilding/image_0295.jpg,TallBuilding,15,5ffbea0a9cc55fb0632a2c888543905b2a949576056aef45c2593fd6bc0e467f
TallBuilding/image_0299.jpg,TallBuilding,15,1f3c516fd6788368fbdc63fe4a23c00768deb7204b769846efd96b25d2db88d7
TallBuilding/image_0304.jpg,TallBuilding,15,79d9ba80bbc50e0e4f7bd41bbb94381cad890dfbd55bdbaaa45eccb7983e9488
TallBuilding/image_0307.jpg,TallBuilding,15,deddac6c025513daf66328cca65a5453674696f5781c406da6d721d48551e8e3
TallBuilding/image_0314.jpg,TallBuilding,15,63c30f126e02fe6768a3ceff361c4f17177ac7cab35d3bb98b8144140f91d1d1
TallBuilding/image_0315.jpg,TallBuilding,15,a972eb627ebbb970fd88f4b4a350b6f12205eb376e409f504c7a38c4b2338556
TallBuilding/image_0317.jpg,TallBuilding,15,37a9d02ecb0aa3490bf4db1ce72977e8ced287fe49dd54c73b5e42cd0b203dbf
TallBuilding/image_0318.jpg,TallBuilding,15,6af12b6ffe2ceb51c47f275d1d613a5f62a2304cecb557b39cd13c1738182b77
TallBuilding/image_0320.jpg,TallBuilding,15,a4e79f1bcb2034a8e30040746ce29d95c7bc5b4718f0fd161f8cabfbc738bc49
TallBuilding/image_0325.jpg,TallBuilding,15,f6d17c07cc182b2cae63bf3a5013729eb2d3241e7ea7372222fc248d8e13169e
TallBuilding/image_0326.jpg,TallBuilding,15,22dec3a9cb2dce18bd3115a4aac46be99711474994cbea9ad4a19db120a6fca8
TallBuilding/image_0330.jpg,TallBuilding,15,662541eb6de2eb5da56ae1c3858d9868b3ada2dbefc2e9fdb24e9c0d622b1881
TallBuilding/image_0336.jpg,TallBuilding,15,2c39a07a0f9ba74105fcb171638980d94d0fc5bd6d8de19792efe521d7f976fc
TallBuilding/image_0339.jpg,TallBuilding,15,06475898bf183ce6bba492cceef9f47d178228fdaf1e0bbeb680931103637507
TallBuilding/image_0350.jpg,TallBuilding,15,13c3eff6a03c39fd1821e6c2d6cec5f39b55b12dbc7a010bbf9b7e4d0f403d0c
TallBuilding/image_0356.jpg,TallBuilding,15,108dbfb03200d4296ef651030e2f1ee173122f403b146e4df891f3b314811f4c
